source;target
TWN;USA
USA;TWN
NER;NGA
NGA;NER
IDN;FRA
CHN;HKG
VAT;IDN
IDN;VAT
YEM;ETH
ESP;HRV
TJK;AFG
AFG;TJK
IDN;NGA
NGA;IDN
VNM;LAO
LAO;VNM
USA;KOR
KOR;USA
USA;PRK
BIH;HUN
HUN;BIH
PRK;USA
TJK;BLR
JPN;BLR
BLR;TJK
JPN;TJK
BLR;JPN
TJK;JPN
USA;RUS
RUS;USA
IRN;RUS
RUS;IRN
TJK;IRN
PAN;USA
EGY;SYR
EGY;SAU
SYR;EGY
SAU;EGY
IRN;SYR
RUS;KAZ
KAZ;ISR
ISR;KAZ
UGA;TJK
TJK;UGA
ISR;JOR
IRN;IRQ
IRQ;IRN
VAT;PHL
PHL;VAT
CAN;ROU
CAN;BIH
ROU;CAN
BIH;CAN
HKG;CHN
SGP;IND
SGP;CHN
ISR;PSE
ISR;SYR
PSE;ISR
SYR;ISR
USA;BIH
BIH;USA
JOR;SAU
GBR;IDN
IDN;GBR
GBR;ARG
BRA;IND
BRA;JPN
BRA;ARG
BRA;ITA
IRN;IND
IND;IRN
MMR;CHN
SAU;JOR
USA;PHL
JOR;ISR
COL;CHE
COL;JPN
COL;CHN
GBR;PHL
PHL;GBR
ARG;GBR
GBR;CHL
HRV;BIH
EGY;ETH
ETH;EGY
SWE;TZA
NPL;GBR
IRL;CYP
FIN;MAR
MAR;FIN
DZA;MAR
SRB;BIH
ROU;MDA
SVK;ITA
GBR;ARM
ARM;GBR
USA;HUN
HUN;USA
GAB;STP
CHN;JPN
KOR;JPN
JPN;CHN
KOR;CHN
JPN;KOR
CHN;KOR
LVA;IND
IND;LVA
SWE;IND
RUS;PRK
RUS;KOR
PAK;SYR
SYR;PAK
ERI;JOR
TZA;RWA
RWA;TZA
IND;PAK
SYR;IRN
USA;THA
FRA;USA
ETH;YEM
IDN;PRT
PRT;IDN
DEU;CRI
DEU;MAR
DEU;SEN
ARE;KWT
KWT;ARE
GBR;BIH
TWN;SEN
BIH;GBR
SRB;USA
POL;DEU
DEU;POL
ITA;CYP
ITA;GRC
ITA;TUR
GBR;JPN
JPN;GBR
ZAF;YEM
USA;ECU
CHE;HND
SAU;USA
USA;SRB
USA;UKR
UKR;USA
RUS;BIH
BIH;RUS
MAR;PAK
PAK;MAR
RUS;UKR
UKR;RUS
RUS;CHN
ISR;CHN
ISR;ZAF
IND;SGP
POL;FRA
FRA;PSE
BIH;HRV
ERI;YEM
ALB;CHN
CHN;ALB
SEN;TWN
SVK;DNK
DNK;SVK
USA;ISR
USA;SYR
USA;FRA
DEU;VNM
RUS;ERI
ERI;RUS
CZE;RUS
RUS;CZE
SVK;CZE
CZE;SVK
ERI;SAU
ERI;DJI
TUN;YEM
YEM;TUN
SRB;RUS
RUS;SRB
GBR;PRY
PRY;GBR
RUS;KGZ
RUS;TJK
RUS;UZB
ECU;PER
PER;ECU
LKA;THA
ISR;KOR
KOR;ISR
JPN;PAK
PAK;JPN
JPN;RUS
RUS;JPN
IRL;GBR
USA;EGY
FRA;SYR
FRA;LBN
USA;MMR
SYR;TUR
TUR;SYR
IRN;AFG
AFG;IRN
VAT;CUB
FRA;RUS
FRA;CHN
RWA;COD
COD;RWA
ESP;ITA
IRL;ITA
ITA;ESP
IRL;ESP
ITA;IRL
ESP;IRL
CYP;GRC
CYP;TUR
MEX;USA
USA;MEX
JPN;FRA
JPN;IND
JPN;ITA
ITA;JPN
ETH;ERI
GBR;IND
IND;GBR
TUR;ITA
GBR;TWN
DEU;UGA
ITA;RUS
GBR;HKG
GBR;CHN
CHN;GBR
GBR;SGP
SGP;GBR
USA;HTI
HTI;USA
TWN;GTM
USA;ROU
CHN;TWN
TWN;CHN
HRV;SRB
SRB;HRV
BIH;SRB
ZWE;ZMB
PAN;COL
COL;PAN
PSE;GBR
GBR;PSE
RUS;IRQ
GBR;AZE
AZE;GBR
THA;MMR
MMR;THA
SYR;USA
ISR;USA
JPN;USA
USA;TKM
USA;HRV
AFG;PAK
USA;JPN
KHM;MMR
NGA;LBR
LBR;NGA
JPN;BDI
GBR;SLE
CHL;GBR
CHL;CUB
IDN;CUB
CUB;IDN
NOR;ISR
DEU;TUR
USA;OMN
OMN;USA
USA;SAU
CZE;ARE
ARE;CZE
USA;JOR
JOR;USA
YEM;FRA
FRA;YEM
YEM;ERI
PHL;CHN
HKG;GBR
CUB;CHL
CRI;DEU
CRI;CHE
COL;PSE
EGY;YEM
EGY;ERI
YEM;EGY
GTM;USA
USA;GTM
SAU;ERI
YEM;ZAF
POL;BEL
ETH;MOZ
IRQ;RUS
RUS;GEO
GEO;RUS
UZB;GBR
GBR;UZB
LBN;FRA
ISR;LBN
GBR;HND
HND;GBR
BOL;USA
ERI;EGY
USA;GBR
USA;IRL
GBR;USA
IRL;USA
LUX;ITA
ITA;LUX
SGP;MYS
MYS;SGP
SAU;ARE
SAU;IRN
USA;PAK
PRT;AGO
USA;BOL
PER;VEN
CUB;FRA
KWT;CZE
CZE;KWT
TUR;USA
NZL;FRA
FRA;ISR
ISR;FRA
ERI;SDN
BDI;JPN
AGO;PRT
GRC;FRA
SVK;USA
USA;SVK
LBN;USA
GAB;TCD
HUN;RUS
HUN;SVK
SVK;HUN
VNM;HKG
HKG;VNM
CYP;CHN
CHN;CYP
GMB;GHA
GHA;GMB
RUS;AFG
CHN;MMR
GEO;UKR
GEO;KAZ
GEO;KGZ
GEO;MDA
UKR;GEO
KAZ;GEO
KGZ;GEO
MDA;GEO
GEO;AZE
AZE;GEO
LBY;SDN
SDN;LBY
TUN;SDN
SDN;TUN
BIH;DEU
DEU;BIH
ERI;KWT
KWT;ERI
SAU;YEM
YEM;SAU
PSE;FRA
PSE;USA
USA;PSE
TUN;LBY
LBY;TUN
KHM;CHN
MMR;GBR
GBR;MMR
CZE;ITA
ITA;CZE
EGY;FRA
FRA;EGY
PAN;MEX
CRI;NIC
FRA;SRB
USA;AUT
JOR;IRQ
IRQ;JOR
ECU;CHE
CHE;ECU
KHM;FRA
GBR;RUS
RUS;GBR
IRN;PAK
PAK;IRN
USA;CYP
SDN;ERI
SYR;FRA
CYP;IRL
IRL;TUR
GBR;KHM
FRA;UKR
USA;ITA
ITA;USA
JPN;KEN
KEN;JPN
USA;IDN
IDN;USA
CUB;USA
USA;KHM
KHM;USA
ARE;ERI
ERI;ARE
KOR;PRK
CHN;TUN
TUN;CHN
YEM;LBY
LBY;YEM
PAK;GBR
GBR;PAK
VAT;BIH
EGY;ARE
AZE;RUS
GTM;SLV
SLV;GTM
USA;LBN
LBN;SYR
SYR;LBN
RUS;JOR
JOR;RUS
JOR;FRA
FRA;JOR
THA;LAO
JPN;ISR
JPN;PSE
IDN;TLS
TLS;IDN
USA;ARE
ARE;USA
USA;CHN
CAN;IND
ESP;SRB
ESP;BIH
BIH;ESP
FRA;ITA
ITA;FRA
FRA;BIH
FIN;PSE
IND;CAN
VEN;COL
COL;VEN
VAT;VEN
VEN;VAT
VEN;PER
NLD;ISR
NLD;PSE
FRA;DZA
RUS;FRA
IND;MMR
MMR;IND
PSE;SLE
SLE;PSE
FRA;GRC
GBR;CIV
CIV;GBR
USA;AFG
AFG;USA
PAK;AFG
CHN;IRN
IRN;CHN
SYR;KWT
KWT;SYR
IND;DZA
GEO;ARM
ARM;GEO
SYR;NOR
NOR;SYR
QAT;SAU
SAU;QAT
THA;USA
IRL;ISR
IRL;PSE
PSE;KWT
NOR;ARE
CHN;USA
FRA;ETH
ETH;FRA
GBR;KWT
ISR;CZE
CZE;ISR
CZE;FRA
VAT;FRA
PSE;DZA
DZA;PSE
FRA;POL
BOL;PRI
USA;CRI
GTM;MEX
MEX;GTM
BIH;FRA
SGP;FRA
SVK;FRA
FRA;SVK
SVK;RUS
RUS;SVK
CYP;USA
HRV;MNE
ROU;USA
TZA;BDI
TUN;ERI
ERI;TUN
EST;RUS
RUS;EST
FIN;FRA
QAT;ISR
ISR;QAT
PAK;FRA
ZAF;DZA
DZA;ZAF
ISR;NOR
ISR;YEM
YEM;ISR
COL;CRI
CRI;COL
HRV;ESP
IRN;FRA
THA;VNM
VNM;THA
ZAF;KEN
KEN;ZAF
LBY;IRQ
GRC;ALB
AUS;MYS
MYS;AUS
AFG;RUS
USA;TUR
USA;GRC
CAN;IDN
IDN;CAN
PSE;TUN
TUN;PSE
ESP;LUX
PER;USA
COL;ESP
ARG;PER
BRA;PER
CHL;PER
ARG;ECU
BRA;ECU
CHL;ECU
PER;ARG
PER;BRA
PER;CHL
ECU;ARG
ECU;BRA
ECU;CHL
GIB;MAR
MAR;GIB
USA;BEL
BEL;USA
SVK;PRT
SWE;SVK
EGY;ISR
ISR;EGY
PSE;BIH
BIH;PSE
TUR;IDN
PNG;AUS
AUS;PNG
SLE;BFA
ISR;ERI
TZA;YEM
YEM;TZA
IND;ZWE
ZWE;IND
MDA;ROU
USA;KWT
UGA;ISR
MLT;TUN
TUN;MLT
UKR;MDA
MDA;UKR
KHM;THA
THA;KHM
EGY;AUT
GBR;IRL
PRT;GBR
TLS;PRT
SYR;PSE
SRB;ESP
FRA;VAT
LBR;EGY
AGO;EGY
BDI;EGY
RWA;EGY
USA;LBR
LBR;USA
PRT;TLS
IRN;USA
PSE;DEU
CHN;LBY
LBY;CHN
GBR;DEU
POL;RUS
RUS;POL
AGO;NAM
NAM;AGO
FRA;ZWE
ZWE;FRA
HND;COD
VAT;SLV
FRA;DEU
IRN;PHL
SVK;CHE
ALB;FRA
FRA;ALB
FRA;NER
NER;FRA
ZAF;AGO
AGO;ZAF
FRA;AGO
AGO;FRA
RUS;BGR
BGR;RUS
ROU;BGR
TUR;GRC
SLE;CIV
CIV;SLE
HRV;GBR
GBR;HRV
ALB;ISR
ISR;ALB
GRC;TUR
POL;CHE
CHE;POL
PRK;KHM
KHM;KOR
KHM;PRK
KAZ;TJK
PAK;NIC
NIC;PAK
KOR;FRA
MEX;NIC
MYS;IRQ
IRQ;MYS
IDN;ISR
CHN;UGA
UGA;CHN
UZB;RUS
IRN;SAU
USA;CHL
ESP;RUS
ITA;SRB
SRB;ITA
SWE;CHN
AUS;FRA
ZAF;FRA
RUS;CHE
CHE;RUS
GRC;USA
USA;SDN
SDN;USA
ARE;IRQ
USA;NGA
ARG;CHE
RUS;BLR
BLR;RUS
NGA;USA
USA;ZAF
ZAF;USA
ALB;MLT
MLT;ALB
EGY;SDN
JPN;SYR
SYR;JPN
IDN;DEU
COL;USA
SWE;FRA
VAT;MEX
MEX;VAT
KWT;BHR
EGY;USA
CHN;PHL
USA;COL
GBR;CRI
CRI;GBR
VAT;NIC
NIC;VAT
HND;NIC
NIC;HND
USA;BRA
CHN;FRA
PYF;FRA
FRA;PYF
ZAF;RWA
DEU;CHN
MRT;DZA
TUN;MRT
MRT;TUN
DZA;MRT
ITA;BIH
BIH;ITA
NLD;SRB
SRB;NLD
ESP;BEL
USA;TJK
KOR;IND
KOR;SGP
IND;KOR
KHM;VNM
VNM;KHM
VAT;GTM
GBR;SRB
SRB;GBR
PAK;IND
CHN;AUS
AUS;CHN
VNM;USA
CHE;SVK
ESP;SYR
IRL;SYR
MLT;NLD
GBR;ITA
ITA;GBR
HRV;USA
CAN;RWA
SVK;SRB
SRB;SVK
RUS;MNE
MNE;RUS
BGR;NLD
NLD;BGR
ROU;DEU
DEU;ROU
FRA;ROU
ROU;FRA
SRB;MKD
MKD;SRB
ROU;HUN
HUN;ROU
BGR;ROU
KGZ;TJK
UZB;TJK
IND;KHM
KHM;IND
MEX;GBR
GBR;MEX
MAR;LBY
LBY;MAR
MDA;RUS
TJK;RUS
ISR;LBY
MLI;MAR
MAR;MLI
IDN;PNG
JPN;BRN
USA;AGO
AGO;USA
USA;FIN
RUS;FIN
CHE;ROU
ROU;CHE
USA;CHE
CHE;USA
FIN;HRV
HRV;FIN
SDN;CAF
CAF;SDN
BEL;IRL
BEL;ESP
IRL;BEL
POL;UKR
UKR;POL
FIN;BIH
BIH;FIN
SWE;ZAF
ZAF;SWE
ZWE;ZAF
ZAF;ZWE
DEU;FRA
PSE;CHE
CHE;PSE
PSE;EGY
EGY;PSE
HRV;DEU
DEU;HRV
NZL;GBR
LTU;EST
LVA;EST
SWE;EST
DEU;EST
EST;LTU
LVA;LTU
SWE;LTU
DEU;LTU
EST;LVA
LTU;LVA
SWE;LVA
DEU;LVA
EST;SWE
LTU;SWE
LVA;SWE
DEU;SWE
EST;DEU
LTU;DEU
LVA;DEU
SWE;DEU
HND;USA
PRT;ZAF
ZAF;PRT
POL;HRV
HRV;POL
ALB;DEU
DEU;ALB
AGO;COD
COD;AGO
DEU;ERI
ERI;DEU
AFG;CHN
CHN;PAK
CHN;AFG
CHN;GEO
GEO;CHN
GBR;JOR
TUN;DZA
DZA;TUN
UKR;CHE
CHE;UKR
TJK;UZB
COL;NLD
DNK;BIH
IRQ;ESP
ESP;IRQ
USA;VEN
VEN;USA
ITA;KHM
TKM;USA
LKA;IDN
GTM;VAT
NLD;RUS
DNK;UGA
UGA;DNK
PAK;SAU
ESP;MAR
IRQ;SAU
ARG;USA
DNK;LVA
LVA;DNK
GBR;TJK
TJK;GBR
GBR;NGA
NGA;GBR
ZWE;AGO
ZAF;MAR
ZAF;ESH
DEU;RUS
FRA;IDN
IND;JPN
USA;DEU
DEU;USA
SVK;DEU
DEU;SVK
SVK;POL
POL;SVK
SVK;HRV
HRV;SVK
BHR;SAU
HRV;NLD
GBR;BGR
BGR;GBR
MOZ;ZWE
ZWE;MOZ
CZE;POL
JPN;IDN
JPN;PHL
THA;JPN
JPN;THA
PER;CHE
CHE;PER
URY;CHN
SAU;PAK
LKA;CAN
MMR;KHM
VNM;RUS
RUS;VNM
KWT;ISR
TCD;CAF
TCD;SDN
CAF;TCD
SDN;TCD
RUS;DEU
MMR;LAO
LAO;MMR
LAO;THA
ALB;USA
FRA;GIN
IRQ;USA
USA;IRQ
LUX;FRA
FRA;LUX
GBR;FIN
FIN;GBR
MAR;ESP
AUS;BIH
USA;POL
GBR;TZA
TZA;GBR
LKA;KOR
FRA;GBR
CAN;IRN
ZAF;MOZ
MOZ;ZAF
SWZ;GBR
GBR;SWZ
THA;SVK
NLD;BIH
FIN;SRB
SRB;FIN
FIN;ROU
ROU;FIN
POL;USA
PSE;LBN
PSE;SYR
CAN;CHN
BEL;NLD
SVN;CHE
CHE;SVN
IRN;GMB
GMB;IRN
HRV;CHN
SEN;NER
NER;SEN
EST;UKR
UKR;EST
IRQ;IDN
IDN;IRQ
CHN;ARG
ARG;CHN
UGA;IRN
IRN;UGA
GBR;ROU
JPN;PRK
USA;SLV
USA;ARG
USA;TTO
CHN;DEU
GBR;TUR
TUR;GBR
GBR;TLS
TLS;GBR
HND;SLV
CHL;USA
BRA;USA
DOM;COL
COL;DOM
HND;MEX
SLV;MEX
NIC;MEX
CRI;MEX
NLD;FRA
MAR;ZAF
ESH;ZAF
IDN;TWN
ITA;HRV
LUX;HRV
NLD;HRV
UKR;FIN
FIN;UKR
IRQ;GBR
GBR;IRQ
FRA;TUR
NLD;ROU
NLD;SVK
ROU;NLD
SVK;NLD
SVK;ROU
ARG;JPN
ARG;FRA
JPN;TWN
KEN;ISR
ISR;KEN
TUR;IRQ
IRQ;SYR
SVK;LUX
LUX;SVK
ZAF;SRB
ZAF;BIH
GRC;BEL
GRC;DEU
GRC;GBR
GRC;ITA
FIN;MKD
MKD;FIN
CHN;HRV
NOR;ROU
ROU;NOR
MOZ;PRT
PRT;MOZ
GRC;CZE
CZE;GRC
COL;MEX
TJK;TKM
TKM;TJK
PRK;RUS
JPN;PNG
PNG;JPN
SYR;IRQ
LBY;USA
RUS;DNK
KAZ;RUS
CHN;THA
MOZ;BRA
PAK;IDN
IDN;PAK
TWN;JPN
HTI;CUB
PAK;USA
COL;HTI
HTI;COL
CUB;HTI
ESP;NOR
GTM;NOR
NOR;ESP
NOR;GTM
USA;NOR
DEU;DOM
DOM;DEU
SLV;VAT
JOR;MAR
MAR;JOR
RUS;AGO
UKR;AGO
KEN;DEU
DEU;KEN
USA;DZA
FRA;HRV
GBR;UGA
UGA;GBR
DEU;IDN
ISR;SVK
SVK;ISR
FIN;USA
USA;CAN
CAN;USA
BGR;SRB
SRB;BGR
SRB;HUN
HUN;SRB
MLI;NER
NER;MLI
HRV;SVN
SVN;HRV
BGR;ESP
BGR;CHE
CHE;BGR
USA;BGR
NOR;BGR
BGR;NOR
HUN;SWE
SWE;HUN
ERI;ITA
ITA;ERI
ROU;MEX
MEX;ROU
ESH;MAR
ERI;ISR
TJK;TUR
TUR;TJK
PRK;CHN
BHR;GBR
GBR;BHR
IND;THA
PRK;JPN
HRV;ITA
PAK;BRN
CUB;ZAF
VAT;DEU
DEU;VAT
OMN;QAT
QAT;OMN
GBR;ARE
ARE;GBR
ESP;PER
PER;ESP
FRA;SGP
FRA;HKG
BDI;COD
COD;BDI
ESP;CUB
GBR;ZMB
SWE;DZA
BIH;NLD
FIN;RUS
IND;ETH
USA;CUB
BGR;FRA
FRA;BGR
ALB;GRC
GHA;NER
NER;GHA
DNK;RUS
ISR;SWE
SWE;ISR
CHN;RUS
TKM;TUR
TUR;TKM
THA;MYS
JPN;BIH
TWN;RUS
NOR;ZAF
FRA;IRQ
CUB;ESP
USA;BLZ
SLV;BLZ
TTO;USA
USA;PER
TWN;SLV
SLV;TWN
LBY;FRA
FRA;LBY
ITA;AUT
DEU;AUT
ESP;AUT
AUT;ITA
DEU;ITA
AUT;DEU
ITA;DEU
ESP;DEU
AUT;ESP
DEU;ESP
ZAF;NOR
SDN;UGA
UGA;SDN
LBY;PSE
PSE;LBY
USA;IRN
ECU;USA
KWT;IRQ
CAN;JPN
JPN;CAN
GRC;CYP
IRQ;TUR
EGY;JOR
LVA;RUS
OMN;SAU
SAU;OMN
USA;NIC
LBY;ZAF
SAU;IRQ
VAT;USA
NPL;IND
IND;NPL
PRK;KOR
GBR;EGY
EGY;GBR
RUS;NOR
NOR;RUS
TUR;RUS
THA;DNK
PHL;PNG
PNG;PHL
JOR;EGY
GBR;KOR
TUR;IRN
TLS;AUS
FRA;ESP
ESP;FRA
DEU;IRQ
TUR;NLD
CUB;BEL
ZAF;CUB
GBR;LKA
LKA;GBR
SGP;PHL
MNE;BIH
ROU;SWZ
SWZ;ROU
CAN;TLS
TLS;CAN
RUS;MDA
RUS;HTI
LTU;DNK
DNK;LTU
ESP;COL
MEX;CRI
NAM;CHN
CHN;NAM
SVK;AGO
AGO;SVK
BGR;USA
ROU;ESP
ESP;ROU
VNM;BEL
BEL;VNM
MYS;VNM
IRN;UZB
IRN;TJK
UZB;IRN
IRN;LBN
LBN;IRN
IRN;TKM
EGY;DZA
DZA;EGY
RUS;LVA
UKR;IDN
IDN;UKR
THA;IDN
SVK;JPN
JPN;SRB
ITA;THA
THA;ITA
VAT;PER
GAB;AGO
AGO;GAB
FRA;MYS
RUS;ROU
CAN;HTI
CHN;MNG
ARG;CHL
BRA;CHL
CHL;ARG
CHL;BRA
ARG;BRA
KGZ;RUS
RUS;LBY
LBY;RUS
CRI;USA
CRI;ITA
CRI;NLD
ZAF;SWZ
SGP;THA
THA;SGP
SGP;KOR
SDN;KEN
HTI;DOM
DOM;HTI
CAN;CHL
CHL;CAN
SDN;SYR
SYR;SDN
SWZ;ZAF
GBR;GRC
HUN;ISR
ISR;HUN
KEN;ZWE
ZWE;KEN
ETH;TZA
ETH;JPN
TZA;ETH
JPN;ETH
TUN;ZAF
ZAF;TUN
VNM;ESP
ESP;VNM
CHN;LUX
LUX;CHN
AZE;USA
USA;AZE
VNM;UKR
UKR;VNM
THA;CHN
AZE;CHE
CHE;AZE
CUB;DZA
DZA;CUB
CHN;SAU
SAU;CHN
SDN;EGY
RUS;CAN
CAN;RUS
USA;ARM
ARM;USA
FRA;QAT
CHN;VNM
VNM;CHN
GBR;THA
THA;GBR
FRA;VNM
SDN;NGA
NGA;SDN
KEN;SDN
SDN;IDN
SDN;MYS
IDN;SDN
MYS;SDN
SDN;SSD
AFG;TKM
CHN;SGP
CAN;CUB
VAT;CRI
CRI;VAT
FRA;IRN
IDN;CHN
CHN;IDN
MAR;FRA
FRA;MAR
BIH;IRN
IRN;BIH
IRQ;CUB
IRQ;DZA
DZA;IRQ
MYS;USA
KHM;KAZ
GBR;AUS
AUS;GBR
POL;CZE
IRQ;FRA
ZAF;MLI
MLI;ZAF
PSE;JOR
MYS;FRA
PER;MEX
ITA;PSE
CAN;LUX
AUS;USA
NOR;PSE
PSE;NOR
ZAF;CIV
CIV;ZAF
SRB;UKR
UKR;SRB
KEN;RWA
ESP;GRC
GRC;ESP
ROU;BIH
BIH;ROU
CYP;POL
POL;CYP
IRN;KAZ
KAZ;IRN
TKM;SYR
SYR;TKM
FRA;JPN
AZE;ARM
ARM;AZE
CHE;ARM
ARM;CHE
SRB;JPN
IDN;THA
PRT;THA
THA;PRT
IRN;AZE
AZE;IRN
IRN;KGZ
KGZ;IRN
FRA;THA
THA;FRA
JPN;FIN
FIN;JPN
RUS;ISR
ZAF;TGO
TGO;ZAF
LUX;ISR
TCD;LBY
LBY;TCD
NAM;ZAF
ZAF;NAM
BTN;IND
IND;BTN
KWT;SAU
SAU;KWT
DZA;FRA
ITA;ISR
IRN;PSE
DEU;ISR
NLD;CYP
CYP;NLD
NZL;AUS
ESP;ISR
TUR;CYP
SGP;TWN
SVK;BEL
SVK;GBR
GBR;SVK
USA;GEO
GEO;USA
ESP;IND
IND;ESP
HRV;MKD
SVN;MKD
MKD;HRV
MKD;SVN
SVN;EGY
EGY;SVN
ZAF;GAB
SLV;CRI
CRI;SLV
IRN;ARM
IND;BGD
GEO;IRN
IRN;GEO
ECU;KHM
KHM;ECU
CHN;PRK
UKR;IRN
IRN;UKR
ZAF;CHN
ZAF;TWN
CHN;ZAF
TWN;ZAF
ERI;KEN
KEN;ERI
KOR;GBR
NLD;IDN
IDN;NLD
BHR;ISR
LUX;BEL
ISR;ITA
PSE;ITA
PSE;ZAF
SYR;DZA
DZA;SYR
IDN;AUS
CUB;CAN
POL;LTU
LTU;POL
HRV;CZE
CZE;HRV
GBR;ISR
TWN;SGP
GBR;VNM
PER;PAN
PAN;PER
USA;CZE
BRB;HUN
SRB;CZE
CZE;SRB
AGO;TGO
TGO;AGO
HRV;AUT
AUT;HRV
VNM;PHL
PHL;VNM
AUS;VNM
VNM;AUS
VNM;LUX
LUX;VNM
BEL;LVA
LVA;BEL
LKA;MYS
TWN;PRK
PRK;TWN
MMR;USA
ISR;CYP
DEU;IRN
SGP;ISR
SGP;PSE
ZAF;PSE
SVK;LAO
LAO;SVK
PHL;USA
DEU;PSE
GRC;ISR
ISR;GRC
CYP;ITA
DZA;ROU
ROU;DZA
ARM;IRN
EGY;LBY
RUS;CUB
ISR;OMN
OMN;ISR
GBR;IRN
IRN;GBR
VNM;MYS
IRN;DEU
ISR;DEU
USA;PAN
RUS;IND
IND;RUS
YEM;IRQ
LUX;NLD
NLD;BEL
NLD;LUX
BEL;LUX
DNK;POL
POL;DNK
SGP;AUS
SVK;UKR
UKR;SVK
SVK;IND
IND;SVK
LKA;PAK
BOL;COL
PER;COL
ECU;COL
COL;BOL
VEN;BOL
PER;BOL
ECU;BOL
BOL;VEN
ECU;VEN
COL;PER
BOL;PER
COL;ECU
BOL;ECU
VEN;ECU
RUS;EGY
GBR;FRA
CAN;EGY
EGY;CAN
SRB;BLR
BLR;SRB
SVN;AUT
AUT;SVN
SRB;IRN
IRN;SRB
KAZ;UZB
UZB;KAZ
RUS;AZE
UZB;USA
USA;UZB
TKM;AFG
TUR;GEO
GEO;TUR
PNG;IDN
TUR;EGY
TUR;ISR
TUR;PSE
PSE;TUR
PAK;EGY
EGY;PAK
CYP;BGR
BGR;CYP
RWA;KEN
PHL;TWN
ESP;EGY
FRA;SAU
HKG;TWN
JPN;BRA
KEN;GBR
GBR;KEN
BDI;TZA
BFA;RWA
RWA;BFA
HRV;PRT
PRT;HRV
IRQ;YEM
USA;KGZ
KGZ;USA
GBR;ECU
ECU;GBR
GBR;MNG
MNG;GBR
FIN;KWT
KWT;FIN
FIN;ARE
RUS;ESP
IRQ;CHN
IRQ;VNM
CHN;IRQ
VNM;IRQ
HRV;VNM
SYR;RUS
NLD;HUN
HUN;NLD
ITA;EGY
EGY;ITA
KWT;POL
POL;IRQ
LBY;SAU
SAU;LBY
KEN;TZA
UGA;TZA
TZA;KEN
UGA;KEN
TZA;UGA
KEN;UGA
HKG;THA
USA;LBY
JPN;EGY
POL;VAT
ITA;POL
MAR;IRQ
IRQ;MAR
UKR;NOR
NOR;UKR
TJK;USA
MAR;EGY
SDN;CHN
SDN;KOR
CHN;SDN
KOR;SDN
LBY;IRN
LBY;SYR
IRN;LBY
SYR;LBY
ISR;TUR
USA;SGP
FRA;KHM
TWN;PHL
BGR;SYR
SYR;BGR
GRC;TKM
USA;VNM
VAT;ITA
ITA;VAT
SVK;VAT
VAT;SVK
BGR;SVK
SVK;BGR
PSE;ROU
DEU;DZA
DZA;DEU
MLI;LBY
LBY;MLI
TCD;FRA
FRA;TCD
ZAF;AUT
AUT;ZAF
GBR;SAU
SAU;GBR
USA;EST
EST;USA
EST;JPN
JPN;EST
PHL;IDN
IDN;PHL
BRN;PAK
SAU;PSE
KWT;PSE
PAK;TUN
TUN;PAK
PAK;LBY
USA;TGO
TGO;USA
LBY;EGY
SRB;CHN
CHN;SRB
TWN;GBR
EGY;MAR
MAR;ISR
COL;IRQ
FIN;EST
CAN;CZE
CZE;CAN
GRC;BGR
BGR;GRC
ROU;GRC
GRC;ROU
VNM;CUB
RUS;SWE
SWE;RUS
EGY;JPN
BLR;KAZ
KGZ;KAZ
KAZ;BLR
KGZ;BLR
KAZ;KGZ
BLR;KGZ
AUT;SVK
SVK;AUT
SVK;KEN
KEN;SVK
USA;IND
ITA;ROU
ROU;ITA
POL;BLR
BLR;POL
MNG;CHN
EGY;RUS
MRT;FRA
MRT;DEU
MRT;NLD
FRA;MRT
DEU;MRT
NLD;MRT
UKR;CHN
CHN;UKR
KHM;MYS
PSE;ARG
DEU;SYR
DEU;LBN
IDN;CHL
CHL;IDN
ARG;PSE
ARG;ISR
ISR;ARG
FRA;ARG
IRL;ZAF
ZAF;IRL
IRL;ZMB
IRL;ZWE
IRL;TZA
IRL;RWA
IRL;COD
IRL;BDI
IRL;UGA
IRL;SOM
ZMB;IRL
ZWE;IRL
TZA;IRL
RWA;IRL
COD;IRL
BDI;IRL
UGA;IRL
SOM;IRL
BIH;JPN
ITA;IRN
ESP;IRN
IRL;IRN
ZAF;DEU
PSE;IRQ
SAU;ISR
RUS;TUR
TCA;GBR
SDN;ETH
SAU;FRA
JPN;LBN
ERI;IRN
GBR;ERI
ERI;GBR
IRN;ETH
ETH;IRN
USA;ALB
ARE;ZAF
CHN;BRA
BRA;CHN
GBR;BRA
BRA;GBR
VNM;JPN
JPN;VNM
FRA;SLE
BGR;ALB
ALB;BGR
EGY;HUN
HUN;EGY
AFG;IND
PNG;MYS
MYS;PNG
CHN;ISR
NPL;CHN
CHN;NPL
RUS;PSE
CHN;PER
CHN;ECU
PER;CHN
ECU;CHN
VNM;UZB
UZB;VNM
JPN;BEL
JPN;ZAF
JPN;TUR
ZAF;JPN
IRN;ITA
IRN;ESP
IRN;IRL
CZE;EST
EST;CZE
DJI;KEN
DJI;UGA
ERI;UGA
KEN;DJI
UGA;DJI
SDN;DJI
UGA;ERI
DJI;ERI
DJI;SDN
LKA;PHL
LBN;DEU
GBR;UKR
DEU;UKR
DEU;GBR
USA;RWA
RWA;USA
MLI;DZA
DZA;MLI
CZE;UKR
UKR;CZE
DEU;TUN
TUN;DEU
GEO;ROU
ROU;GEO
TWN;DEU
DEU;TWN
ISR;IRN
IRN;ISR
THA;HRV
HRV;THA
MUS;IDN
HTI;CAN
AUS;IDN
AUS;SGP
AUS;THA
THA;AUS
HND;PER
ZAF;IRN
ZAF;EGY
LUX;ESP
LUX;CZE
LUX;HUN
CHN;NLD
NLD;CHN
MEX;SVK
SVK;MEX
SVK;CHN
CHN;SVK
SVK;TUR
TUR;SVK
GBR;CZE
CZE;GBR
IND;AFG
LAO;PRK
PRK;LAO
PNG;SLB
MDA;EST
EST;MDA
GBR;BDI
BDI;GBR
ITA;CHE
ZAF;LBY
IRN;ZAF
EGY;ZAF
CAN;THA
CAN;VNM
SUR;MNG
MNG;SUR
TJK;KAZ
HUN;LUX
CAN;GBR
TUN;TUR
USA;NZL
HUN;TUN
TUN;HUN
HRV;HUN
HUN;HRV
COD;FRA
KAZ;TKM
ALB;BIH
BIH;ALB
IDN;KHM
PRK;DEU
BLR;CHN
CHN;BLR
MKD;ALB
EGY;CHN
CHN;EGY
VUT;PNG
ROU;RUS
JPN;NPL
NPL;JPN
BGR;TKM
TKM;BGR
CZE;LUX
FIN;CHN
PAN;CUB
MDA;LTU
LTU;MDA
USA;MOZ
CHN;CAN
HKG;FRA
SGP;USA
DEU;PRK
BIH;MYS
PSE;SAU
PER;HND
USA;HKG
HKG;USA
DNK;SWE
FIN;SWE
AUT;SWE
SWE;DNK
FIN;DNK
AUT;DNK
SWE;FIN
DNK;FIN
AUT;FIN
SWE;AUT
DNK;AUT
FIN;AUT
CAN;LKA
SGP;BRN
SLE;GIN
GIN;SLE
ZAF;ZMB
TUR;DNK
CHN;GRC
GRC;CHN
BHS;CUB
SDN;ISR
ISR;SDN
IRN;KWT
KWT;IRN
ALB;HRV
HRV;ALB
NLD;TWN
FRA;PRK
CUB;VNM
PRT;BRA
IDN;JPN
TJK;SWE
SWE;TJK
MYS;BIH
ETH;SDN
DEU;HUN
HUN;DEU
HKG;PHL
PHL;HKG
BEL;SVK
ETH;DJI
DJI;ETH
IRN;MAR
MAR;IRN
BHR;BIH
BIH;BHR
RUS;CHL
CHL;RUS
CHN;KWT
PAN;JPN
JPN;PAN
ZAF;KAZ
ZAF;TUR
PHL;SGP
POL;HUN
IRN;TUR
CHN;CUB
CUB;CHN
GBR;MDA
MDA;GBR
LTU;BGR
BGR;LTU
SVK;BLR
BLR;SVK
ZAF;BHR
BHR;ZAF
JPN;KHM
AZE;PAK
PAK;AZE
HRV;CAN
BGR;MKD
RUS;ARE
ARE;RUS
TUR;AZE
THA;BRN
JPN;UKR
DNK;EGY
SEN;FRA
SLE;LBN
HUN;AUT
AUT;HUN
LBR;SEN
SEN;LBR
EGY;TUR
GHA;NGA
NGA;GHA
USA;SLE
SLE;USA
PAN;ITA
PAN;FRA
PAN;GRC
PAN;VAT
VAT;PAN
ITA;PAN
FRA;PAN
GRC;PAN
CUB;JAM
FRA;MEX
HUN;CZE
CZE;HUN
VNM;GBR
SEN;USA
CHN;TZA
TZA;CHN
EGY;PRK
PRK;EGY
MNG;RUS
CHN;AGO
AGO;CHN
NER;LBY
LBY;NER
CZE;MKD
MKD;CZE
ESP;GBR
GBR;ESP
GIB;GBR
LBN;VAT
JOR;PSE
ISR;TUN
TUN;ISR
KAZ;CHN
KGZ;CHN
TJK;CHN
CHN;KAZ
CHN;KGZ
TJK;KGZ
CHN;TJK
HUN;POL
NGA;SAU
SAU;NGA
YEM;DJI
DJI;YEM
VNM;CAN
IRL;ARG
ARG;IRL
VAT;TUN
POL;GBR
GBR;POL
FRA;GUF
GUF;FRA
CHE;LBR
GEO;GBR
GBR;GEO
ARG;GEO
GEO;ARG
CUB;IRN
IRN;CUB
GRD;USA
ERI;FRA
BLR;MNG
MNG;BLR
CHN;MKD
CHN;ARM
CHN;AZE
CHN;CZE
CZE;CHN
EST;FIN
AZE;BEL
BEL;AZE
ROU;CYP
ARM;SYR
ARM;ROU
ARM;BGR
SYR;ARM
ROU;ARM
BGR;ARM
LBN;ISR
USA;GUY
CZE;TWN
TWN;CZE
VAT;SVN
GHA;LBR
LBR;GHA
SLV;ESP
ESP;SLV
CUB;DEU
DEU;CUB
HKG;CAN
TWN;IDN
CAN;HKG
ESP;TKM
TKM;ESP
USA;CIV
USA;NER
USA;BFA
USA;SEN
ITA;JOR
ITA;LBN
ESP;CZE
CZE;ESP
JOR;LBN
SDN;JOR
JOR;SDN
LUX;GRC
ESP;SVK
SVK;ESP
LTU;BLR
BLR;LTU
KOR;TUR
KOR;POL
KOR;HUN
KOR;ROU
LBN;ESP
ESP;LBN
RUS;HRV
HRV;RUS
UZB;KGZ
KGZ;UZB
VAT;COL
JPN;MNG
TWN;PAN
TUR;JPN
CHN;FIN
FRA;COD
COD;USA
USA;COD
CYP;GBR
ESP;BGR
FRA;NPL
NZL;JPN
NZL;KOR
NZL;HKG
JPN;NZL
KOR;NZL
HKG;NZL
COL;ZWE
ZWE;COL
COL;ZMB
MNG;FRA
FRA;MNG
ISR;FJI
FJI;ISR
KOR;MNG
AGO;ISR
ISR;AGO
ARM;RUS
ESP;SVN
SVN;ESP
BGR;AUT
AUT;BGR
ARG;VEN
JPN;NAM
HUN;ESP
RUS;GTM
GTM;RUS
ARG;HRV
CHL;BOL
BOL;CHL
TWN;THA
BEN;NER
BEN;BFA
NER;BEN
BFA;BEN
LBR;SLE
SLE;LBR
GBR;LBR
LBR;GBR
HUN;EST
EST;HUN
DEU;PRY
CMR;NGA
NGA;CMR
DEU;PER
PER;DEU
PAK;SVN
GBR;DNK
DNK;GBR
ARG;HND
USA;HND
IRN;QAT
QAT;IRN
PAK;SWE
LKA;CHN
CHN;LKA
SDN;SAU
SAU;SDN
KWT;USA
KWT;FRA
KWT;GBR
KWT;RUS
FRA;KWT
RUS;KWT
HRV;IRL
IRL;HRV
HUN;IDN
IDN;HUN
ISR;HTI
AGO;GLP
GLP;AGO
FRA;PAK
QAT;PSE
ARM;CHN
BIH;PRT
PRT;BIH
KOR;AUT
AUT;KOR
JOR;GBR
LVA;FIN
FIN;LVA
RUS;ARM
CHN;MYS
LBN;JOR
LBN;EGY
EGY;LBN
NPL;FRA
KWT;OMN
OMN;KWT
IRL;EGY
EGY;IRL
LBY;DZA
DZA;LBY
PRK;LBY
IRN;EGY
USA;DOM
DEU;NIC
NIC;DEU
PRK;DZA
DZA;PRK
POL;ROU
AUT;BIH
SVN;GBR
LBN;ITA
CHN;MOZ
MOZ;CHN
CHN;MAC
MAC;CHN
ALB;SVN
HKG;PRK
ECU;RUS
RUS;ECU
UKR;LVA
LVA;UKR
BRN;SGP
NIC;USA
USA;BDI
LBN;BEL
NLD;DEU
DEU;NLD
UGA;LBN
LBN;UGA
BDI;USA
LBN;JPN
LBN;MYS
LBN;KOR
FRA;CMR
FRA;NGA
CHE;SRB
BHS;CAN
CAN;BHS
NGA;ISR
ISR;NGA
TJK;BIH
BIH;TJK
JPN;HRV
HRV;JPN
ZWE;KOR
JOR;QAT
QAT;JOR
BIH;MNE
PRT;ALB
MEX;POL
BWA;NOR
NOR;BWA
GBR;SVN
DEU;CHL
CHL;DEU
SVK;SWE
ARG;SLV
VEN;BRA
IDN;MDG
MDG;IDN
ROU;SAU
CHN;KEN
KEN;CHN
CHN;ETH
CHN;MLI
CHN;ZWE
ZAF;URY
CAN;DEU
DEU;CAN
SWE;PAK
SVN;USA
USA;SVN
FRA;ERI
MDG;SGP
SGP;MDG
DEU;JOR
RUS;IRL
LUX;ZAF
ZAF;LUX
RUS;MNG
LTU;RUS
ESP;MKD
MKD;ESP
SVK;IRQ
IRQ;SVK
JPN;SGP
SGP;JPN
EST;ISL
ISL;EST
LBY;PRK
HND;ARG
YEM;JOR
AZE;KWT
UKR;AUT
SVN;DEU
CZE;DEU
DEU;SVN
DEU;CZE
CZE;SVN
POL;SVN
SVN;CZE
SVN;POL
BRA;SVK
SVK;BRA
SLV;ARG
ARG;CUB
TJK;PRK
PRK;SYR
SYR;PRK
KOR;SYR
SYR;KOR
ECU;HRV
HRV;ECU
LSO;ZAF
CAN;SVN
SVN;CAN
CMR;FRA
ITA;DZA
GRC;DZA
MLT;DZA
DZA;ITA
MLT;ITA
GRC;EGY
MLT;EGY
DZA;GRC
EGY;GRC
MLT;GRC
DZA;MLT
ITA;MLT
EGY;MLT
GRC;MLT
IRL;CAN
CAN;IRL
ALB;MKD
JPN;IRN
ESP;POL
POL;ESP
KOR;RUS
BFA;GIN
LBY;GIN
BLZ;IRL
IRL;BLZ
ARG;PAN
PAN;ARG
POL;PRK
PRK;POL
CIV;LBR
LBR;CIV
AUT;USA
AUT;ALB
EGY;BIH
BIH;EGY
CHN;PRT
AZE;EGY
EGY;AZE
BGR;MDA
MDA;BGR
UZB;TUR
TUR;UZB
TUR;IRL
RUS;LTU
CHL;ESP
ESP;CHL
DOM;VEN
VEN;DOM
DOM;PAN
BOL;NLD
ARG;GTM
BOL;SWE
SWE;BOL
NLD;BOL
SYR;SAU
SAU;SYR
ETH;CHN
PHL;AUS
ZAF;BWA
BWA;ZAF
UKR;ESP
ESP;UKR
VNM;IRL
IRL;VNM
PAN;CHN
CHN;PAN
AUT;UKR
THA;CHL
IRQ;LBY
TUR;VAT
RUS;MEX
RUS;VEN
MEX;RUS
LBY;CUB
CUB;LBY
CHN;ROU
CHN;HUN
CHN;ESP
ROU;CHN
HUN;CHN
ESP;CHN
PRT;CHN
PHL;THA
THA;PHL
DEU;VEN
VEN;DEU
CUB;RUS
CYP;ISR
CYP;RUS
CHN;KHM
CHN;NOR
NOR;CHN
USA;BHR
BHR;USA
SAU;JPN
JPN;SAU
UZB;AZE
AZE;UZB
KAZ;MYS
KAZ;SGP
MYS;KAZ
SGP;KAZ
UZB;DEU
DEU;UZB
CHL;FRA
FRA;CHL
ISR;GBR
ARM;FRA
FRA;ARM
UZB;GEO
GEO;UZB
MYS;THA
SRB;TKM
USA;ZMB
SGP;FIN
BHR;QAT
HTI;CHN
CHN;HTI
SGP;ZWE
SGP;ZAF
ZWE;SGP
ZAF;SGP
SYR;JOR
JOR;SYR
MRT;MLI
SEN;MLI
MLI;MRT
SEN;MRT
MLI;SEN
MRT;SEN
SGP;BGD
ETH;DZA
DZA;ETH
TUR;BGR
FIN;SGP
AUT;BEL
JPN;SVK
ESP;ALB
SRB;CHE
HRV;UKR
UKR;HRV
ROU;HRV
HRV;ROU
PAK;KOR
KOR;PAK
CHN;BEL
BEL;CHN
USA;GRD
MAR;DEU
GBR;VEN
VEN;GBR
TUN;SYR
ESP;USA
USA;ESP
EGY;IRN
AGO;JPN
AUS;JPN
ARG;VNM
VNM;ARG
DEU;ZAF
TWN;CAN
CAN;TWN
USA;BGD
BGD;USA
FRA;HUN
HUN;FRA
MEX;CAN
ARE;OMN
OMN;ARE
PRY;URY
URY;PRY
ZAF;VEN
SVK;SVN
CZE;TZA
YEM;USA
USA;YEM
MOZ;FRA
MOZ;BEL
FRA;MOZ
BEL;MOZ
ISR;TZA
TZA;ISR
BLR;UKR
UKR;BLR
CHN;POL
POL;CHN
CHN;LTU
LTU;CHN
AUS;SLB
MEX;CUB
MEX;ESP
BLR;LVA
LVA;BLR
RUS;NAM
NOR;FRA
FRA;NOR
BHR;SYR
SYR;BHR
ZAF;NGA
FRA;CHE
CHE;FRA
IRQ;KWT
ARE;BHR
BRA;MMR
MMR;BRA
JPN;PER
CAN;MEX
POL;ITA
UMI;USA
ZAF;ISR
FRA;CIV
CIV;FRA
GBR;CYP
PER;JPN
IND;PER
HTI;RUS
ARG;SYR
BHR;EGY
BHR;JOR
EGY;BHR
JOR;BHR
BHR;ARE
GBR;SYR
SYR;GBR
UKR;DEU
JPN;AUS
AUS;BRA
BRA;AUS
LUX;GBR
DNK;ESP
ESP;DNK
IRL;DNK
LUX;DNK
DNK;IRL
LUX;IRL
GBR;LUX
DNK;LUX
IRL;LUX
LUX;ALB
ITA;ALB
ALB;LUX
ALB;ITA
IRN;BHR
GBR;COL
COL;GBR
CAN;FRA
FRA;CAN
HTI;FRA
ECU;NIC
ESP;URY
URY;ESP
ECU;FRA
SGP;SWE
SWE;SGP
DEU;IRL
IRL;DEU
CHN;JAM
JAM;CHN
TUR;BEL
BEL;TUR
TUR;LUX
LUX;TUR
AUS;MNG
KWT;CHN
OMN;IRN
DEU;KAZ
KAZ;DEU
GEO;FRA
TLS;IRL
IRL;TLS
ZAF;GBR
GIB;ESP
GRC;AUT
AUT;GRC
NIC;TWN
TWN;NIC
CAF;FRA
USA;PRT
GTM;PER
GTM;BOL
PER;GTM
BOL;GTM
LUX;BIH
LUX;SRB
LUX;MKD
BIH;LUX
HRV;LUX
SRB;LUX
MKD;LUX
PRY;BRA
URY;BRA
PRY;ARG
URY;ARG
ARG;PRY
BRA;PRY
ARG;URY
BRA;URY
FRA;TZA
NOR;USA
CHN;MEX
MEX;CHN
PRY;CHN
CHN;PRY
UZB;ROU
GBR;MAR
COL;ARG
VEN;ARG
ATG;ARG
EST;CHN
ROU;UZB
DNK;DEU
NLD;JPN
JPN;NLD
ARG;BEL
ARG;LUX
BIH;TKM
TKM;BIH
TUR;CHN
PAK;LKA
FRA;ARE
ITA;HND
HND;ITA
UGA;KHM
KHM;UGA
DEU;TKM
TKM;DEU
SVN;LUX
NAM;BWA
BWA;NAM
AUS;NGA
SLB;PNG
JOR;IRN
IRQ;AUT
AUT;IRQ
BHR;IRN
OMN;EGY
EGY;TUN
EGY;KWT
QAT;SYR
SYR;QAT
SAU;TUR
VNM;DEU
NLD;KOR
KOR;NLD
QAT;EGY
CYP;CHE
CHE;CYP
BHR;KWT
LBN;BHR
NLD;PRK
SGP;DEU
JPN;MMR
CHN;BHR
ITA;MKD
MKD;ITA
AUT;POL
POL;AUT
ARE;EGY
CUB;PRK
PRK;CUB
CUB;MEX
ECU;PAN
PAN;ECU
ISR;RUS
SVK;KGZ
KGZ;SVK
IDN;LKA
USA;AUS
CZE;AUT
AUT;CZE
ARE;FRA
ARG;FLK
CUB;GBR
GBR;CUB
EGY;SOM
CUB;COL
ARE;IRN
PSE;VAT
VAT;PSE
USA;MYS
COL;PRK
PRK;COL
SVN;GRC
SRB;ROU
ROU;SRB
BGR;ZWE
ZWE;BGR
SRB;PAK
CHN;ARE
ARE;CHN
BWA;KWT
KWT;BWA
LVA;CHN
CHN;LVA
LBN;CHN
TUN;JOR
TUN;EGY
JOR;TUN
SYR;TUN
DEU;GRC
CHN;LBN
IRQ;TUN
ARG;MAR
MAR;ARG
ALB;AUT
GRC;POL
POL;GRC
SGP;IDN
SVK;ARE
ARE;SVK
SVK;IRL
IRL;SVK
SVK;KWT
KWT;SVK
CAN;PSE
LUX;USA
USA;LUX
ZAF;LSO
GNQ;ESP
ESP;GNQ
CHN;RWA
RWA;CHN
HRV;NOR
NOR;HRV
PAK;TUR
TUR;PAK
BIH;SVN
BIH;MKD
SVN;BIH
MKD;BIH
HRV;ARE
ARE;HRV
QAT;FRA
BEL;ARG
JPN;LIE
LIE;JPN
TUR;FRA
MYS;CHN
SLV;PER
VNM;SRB
AUS;MMR
TUR;MKD
TUR;KGZ
KGZ;TUR
PRK;MEX
MEX;PRK
FIN;MMR
NOR;MMR
CHE;MMR
TWN;HKG
AUS;KOR
KOR;AUS
ARG;CAN
CAN;ARG
UKR;JPN
RWA;BDI
IRQ;ITA
ITA;IRQ
PSE;BHR
BHR;PSE
GHA;ZWE
NAM;ZWE
ZWE;GHA
NAM;GHA
ZWE;NAM
GHA;NAM
MLI;GHA
GHA;MLI
IRN;GRC
GRC;IRN
QAT;BHR
USA;MNG
MNG;USA
CHN;UZB
UZB;CHN
GBR;ZAF
EGY;CHE
CHE;EGY
SDN;NOR
SDN;DEU
SDN;CHE
SDN;ITA
NOR;SDN
DEU;SDN
CHE;SDN
ITA;SDN
NGA;TGO
TGO;NGA
CHL;GRC
DEU;BRA
UGA;PRK
GBR;SLB
SLB;GBR
ZAF;CMR
CMR;ZAF
SGP;VAT
VAT;SGP
DEU;JPN
JPN;DEU
EGY;NOR
NOR;EGY
EGY;NGA
NGA;EGY
URY;MYS
PAK;CHN
SWZ;THA
THA;SWZ
DNK;THA
JPN;MEX
JPN;CHL
JPN;ARG
FRA;CUB
EGY;CMR
LKA;IND
IND;LKA
FRA;OMN
OMN;FRA
DEU;AZE
AZE;DEU
CAN;TKM
CAN;MKD
MEX;MYS
MYS;MEX
DEU;SAU
FRA;ZAF
LTU;USA
USA;LTU
KEN;USA
USA;KEN
TKM;IRN
UKR;IRQ
IRQ;UKR
EST;FRA
FRA;EST
SVK;LTU
LTU;SVK
VNM;PRK
PRK;VNM
MEX;IDN
IDN;MEX
PAK;DEU
BEL;RUS
AUS;HKG
HKG;AUS
GMB;NGA
NGA;GMB
GBR;CAN
DEU;IND
DEU;PAK
ROU;SVK
SRB;TUR
FRA;FJI
FJI;PYF
PYF;FJI
IRN;PRK
ARM;TKM
TKM;ARM
TZA;ZMB
ZMB;TZA
TUR;ROU
ROU;TUR
COL;ARM
ARM;COL
CUB;VEN
VEN;CUB
BGD;IND
TUN;JPN
RUS;ITA
CHE;COL
BIH;TUR
MKD;TUR
BIH;GRC
MKD;GRC
TUR;BIH
GRC;BIH
GRC;MKD
VAT;MMR
NER;SAU
SAU;NER
CHL;AUS
ZAF;RUS
KOR;KHM
GBR;NZL
VEN;BIH
CZE;USA
AGO;CUB
CUB;AGO
ARG;DOM
DOM;ARG
ARG;BOL
BOL;ARG
NIC;CRI
MEX;THA
THA;MEX
GRC;IRL
ZWE;EGY
EGY;ZWE
ZWE;GBR
DZA;CMR
CMR;DZA
PSE;IRN
ARE;PHL
CIV;CHN
CHN;CIV
SAU;BHR
BGR;BIH
ROU;ALB
BIH;BGR
ALB;ROU
AUS;ARG
ARG;AUS
RUS;SYR
BDI;RWA
IND;DEU
KHM;JPN
GUY;USA
PRY;CUB
CHL;JPN
MEX;JPN
TJK;KOR
VAT;CZE
CZE;VAT
ALB;SRB
VEN;TTO
TTO;VEN
SRB;AUT
AUT;SRB
HND;TWN
SRB;ALB
AUS;CHL
GBR;PNG
PNG;GBR
GBR;EST
EST;GBR
IRQ;IND
ISR;SAU
AUS;KHM
ZAF;SLE
SLE;ZAF
TKM;RUS
RUS;TKM
SEN;CAF
CAF;SEN
FRA;AUS
PRK;AUS
AUS;PRK
TUN;USA
TCD;COD
COD;TCD
GBR;RWA
PSE;MAR
MAR;PSE
MYS;URY
GTM;CHL
SLV;CHL
HND;CHL
NIC;CHL
CRI;CHL
GBR;DOM
DOM;GBR
CHL;CRI
COL;CUB
BGD;SAU
SAU;BGD
SOM;AUS
HUN;IRL
DEU;SRB
PRY;TWN
TWN;PRY
CUB;PRY
MYS;KGZ
BLR;FRA
FRA;BLR
CHL;GTM
HND;GTM
CRI;GTM
GTM;HND
CHL;HND
SLV;HND
CRI;HND
CHL;SLV
GTM;CRI
HND;CRI
BGR;MLT
MLT;BGR
JPN;TUN
PSE;RUS
ZMB;ZAF
PSE;CMR
CMR;PSE
MYS;MMR
IRL;GRC
SYR;ARE
ARE;SYR
IND;IRQ
SWE;MOZ
MOZ;SWE
TTO;ESP
IRL;HKG
OMN;BHR
QAT;KWT
KWT;QAT
ARE;QAT
QAT;ARE
BHR;OMN
MDV;NPL
PAK;NPL
LKA;NPL
NPL;MDV
PAK;MDV
LKA;MDV
NPL;PAK
MDV;PAK
NPL;LKA
MDV;LKA
LUX;COD
FRA;IRL
IRL;FRA
ROU;SVN
SVN;ROU
VNM;NZL
TWN;HND
IND;USA
IDN;UZB
VEN;RUS
VNM;KOR
PSE;YEM
YEM;PSE
NLD;NPL
NPL;NLD
ARG;ITA
BLR;USA
COL;FRA
FRA;COL
DZA;USA
USA;NLD
NLD;USA
BEL;LBN
LBN;IRL
IRL;LBN
BIH;CHE
CHE;BIH
HKG;MAC
MAC;HKG
FRA;BDI
UGA;BDI
BDI;UGA
ESP;MEX
USA;BLR
VAT;DZA
NER;GBR
AUS;IND
COD;BEL
BHS;USA
DEU;NGA
ZMB;GBR
SWE;USA
ZAF;TZA
ZAF;ETH
GBR;AFG
AFG;GBR
THA;TWN
NPL;USA
BEL;COD
KHM;PHL
IDN;KOR
KOR;IDN
KOR;ARG
IDN;TUR
TZA;ZAF
NIC;NLD
ARG;MYS
ARG;IDN
MNE;HRV
NZL;ZAF
ZAF;NZL
NLD;BTN
BTN;NLD
USA;SWE
KOR;GTM
KOR;CHL
KOR;BRA
KOR;PER
KNA;USA
USA;KNA
BIH;IRL
IRL;BIH
UGA;LBY
LBY;UGA
LVA;JPN
JPN;LVA
CAN;ISR
ISR;CAN
IRQ;SDN
SDN;IRQ
GBR;BEL
BEL;GBR
ARG;KOR
AUS;TWN
TWN;AUS
SEN;MAR
MAR;SEN
ROU;GBR
GRC;SRB
SRB;GRC
TWN;DOM
DOM;TWN
HRV;GRC
GRC;HRV
LBY;ITA
HUN;SDN
SDN;HUN
USA;PRY
MYS;FJI
FJI;MYS
TKM;PAK
PAK;TKM
CZE;JPN
JPN;CZE
PSE;JPN
DOM;CHL
PHL;KHM
SVK;BLZ
PER;PRY
PRY;PER
NIC;COL
JPN;CRI
BEN;USA
BEN;FRA
USA;BEN
FRA;BEN
HRV;TUR
TUR;HRV
THA;CYM
UKR;BGR
BGR;UKR
GNB;ECU
SEN;BRA
BDI;ITA
SEN;GAB
GAB;SEN
FRA;IND
TKM;CHE
DNK;USA
PRY;USA
HND;DOM
COL;HND
GTM;ECU
MEX;BOL
BOL;MEX
ECU;MEX
MEX;ECU
SOM;ETH
BDI;BEL
BEL;BDI
RWA;GBR
KWT;BIH
IND;ISR
PAK;ISR
ISR;IND
ISR;PAK
KOR;LKA
KEN;AUS
IND;AUS
MUS;AUS
AUS;KEN
SGP;KEN
IND;KEN
MUS;KEN
KEN;SGP
MUS;SGP
KEN;IND
MUS;IND
AUS;MUS
KEN;MUS
SGP;MUS
IND;MUS
OMN;MUS
OMN;IND
MUS;OMN
IND;OMN
SYR;MAR
DZA;ISR
ISR;DZA
ISR;MAR
MMR;MYS
BDI;FRA
DEU;ARG
TUR;SGP
SGP;TUR
CHE;MOZ
UGA;BEL
BEL;UGA
BEL;TZA
ARG;DEU
LKA;CHE
CHE;LKA
BGD;MMR
IRN;KEN
IRN;ZWE
IRN;TZA
COG;TWN
MMR;JPN
LBN;GBR
GBR;LBN
SVK;BGD
BGD;SVK
GNQ;CHN
CHN;GNQ
CAN;LTU
LTU;CAN
DOM;USA
JPN;AFG
KEN;IRN
NZL;PAK
DZA;GHA
GHA;DZA
BRA;ZAF
ZAF;BRA
USA;ERI
IRN;SDN
AUS;MHL
MHL;AUS
PRT;POL
POL;PRT
AUS;GRC
GAB;KOR
KOR;GAB
DNK;CHN
CHN;DNK
DNK;MNG
MNG;DNK
GAB;CHN
CHN;GAB
NER;IRQ
ESP;DOM
NLD;SGP
SGP;NLD
TWN;UKR
UKR;TWN
KAZ;NLD
NLD;KAZ
AUT;ISR
ISR;AUT
COG;CHN
CHN;COG
CHN;BIH
BIH;CHN
NLD;KGZ
KGZ;NLD
AUS;IRQ
GUM;IRQ
IRQ;GUM
IRQ;JPN
ITA;SVN
SVN;ITA
TUR;JOR
JOR;TUR
KOR;CRI
MAR;USA
SGP;NPL
USA;NPL
RUS;ZAF
VEN;PRY
GTM;KOR
COL;ITA
ITA;COL
PRT;SVK
SOM;YEM
YEM;SOM
MOZ;TLS
AFG;UZB
AFG;KAZ
UZB;AFG
KAZ;AFG
UZB;IDN
GNQ;NGA
NGA;GNQ
RUS;LIE
TUR;UKR
UKR;TUR
AUS;DEU
AUS;PHL
MMR;BGD
PAK;IRQ
RWA;UGA
UGA;RWA
JPN;IRQ
TWN;MMR
IRN;SWE
SWE;IRN
DOM;ESP
CHN;TUR
PRY;VEN
SVK;CYP
CYP;SVK
LIE;RUS
MKD;RUS
AUS;PAK
KHM;AUS
SRB;MNE
MNE;SRB
SRB;BEL
BEL;SRB
TWN;KOR
KOR;TWN
KAZ;TUR
TUR;KAZ
VAT;HUN
HUN;VAT
MAR;TUN
TUN;MAR
ISR;IRL
ESP;GNB
FRA;MHL
MHL;FRA
VUT;NZL
CAN;IRQ
GBR;BLR
BLR;GBR
UZB;LTU
LTU;UZB
CZE;MYS
CZE;SGP
NOR;HUN
HUN;NOR
PHL;IRQ
GNB;AGO
AGO;GNB
POL;MKD
MKD;POL
GIN;AGO
AGO;GIN
GAB;JPN
JPN;GAB
IDN;RUS
THA;IND
BEL;JPN
CHL;KOR
LKA;USA
LKA;IRQ
DZA;GBR
NER;IDN
TWN;MYS
MYS;TWN
VAT;RUS
FRA;TKM
PSE;IRL
COL;BRA
BRA;COL
BEL;POL
HRV;BEL
BEL;HRV
BGD;FRA
TUR;IND
NLD;MNG
MNG;NLD
NGA;IRQ
IRQ;NGA
KOR;ESP
ESP;KOR
EST;IRQ
FRA;MDG
VNM;ESH
ESH;VNM
USA;FJI
FJI;USA
NLD;IRL
RUS;PAK
MYS;MWI
MWI;MYS
ARE;SAU
MYS;CZE
SDN;IRN
DEU;MEX
ZWE;IRN
SVK;LVA
EGY;ZMB
ZMB;EGY
UKR;SWE
SWE;UKR
ZWE;CIV
CIV;ZWE
AZE;TUR
ESP;HUN
ZAF;JOR
TZA;IRN
PAK;UGA
UGA;PAK
LUX;JPN
IRL;JPN
ESP;DZA
DZA;ESP
QAT;USA
USA;QAT
ITA;SAU
SAU;ITA
FIN;CZE
CZE;FIN
ZWE;JAM
JAM;ZWE
HTI;JPN
JPN;HTI
BLR;DEU
DEU;BLR
ROU;TUN
TUN;ROU
COL;PRY
COL;URY
ESP;VEN
VEN;ESP
SAU;UZB
UZB;SAU
MUS;FRA
DEU;GEO
GEO;DEU
MEX;ARG
ARG;MEX
BRA;MEX
PRY;MEX
URY;MEX
MEX;BRA
MEX;PRY
MEX;URY
BWA;TZA
TZA;BWA
PRT;STP
STP;PRT
BGD;CHN
CHN;BGD
IRN;JPN
SGP;CZE
BRA;KOR
CRI;HKG
IND;HKG
MLI;CHN
KEN;MOZ
MOZ;KEN
TKM;FRA
MOZ;ESP
RUS;AUT
LBY;IND
FRA;TGO
HKG;JPN
JPN;HKG
CHN;NZL
NZL;CHN
GBR;MYS
MYS;GBR
BWA;MOZ
MKD;BGR
PSE;PAK
IDN;IND
MYS;IND
KHM;HRV
HRV;KHM
TUR;LBY
LBY;TUR
HRV;ARG
ESP;ARG
PER;KOR
ITA;BRA
IRL;NGA
JPN;IRL
TUR;SDN
TZA;USA
USA;TZA
DEU;AFG
PSE;LUX
LUX;PSE
USA;ETH
SLE;IRN
IRN;SLE
CHN;CHL
CHL;CHN
MAR;RUS
RUS;MAR
CHE;JPN
MEX;DEU
MHL;JPN
TUR;NGA
ZMB;AGO
NGA;TUR
NLD;ZAF
AFG;TUR
SRB;FRA
IRQ;BHR
BHR;IRQ
DEU;MWI
SVK;NOR
NOR;SVK
PHL;MMR
PHL;CAN
LBY;PAK
SVN;HUN
HUN;SVN
BGR;LUX
PAN;CHE
CHE;PAN
FRA;DJI
FRA;SEN
DJI;FRA
IDN;MYS
MYS;IDN
TUN;BEL
BEL;TUN
ZAF;NLD
EGY;THA
THA;EGY
RUS;BEL
BWA;AGO
AGO;BWA
BEN;TGO
TGO;BEN
SAU;BIH
BIH;SAU
EST;CYP
CYP;EST
BEL;HKG
LUX;HKG
HKG;LUX
ECU;AFG
TUR;TUN
FJI;TWN
TWN;FJI
TUN;ITA
ITA;TUN
JPN;LUX
BWA;ZWE
AGO;ZWE
ZWE;BWA
MOZ;BWA
MOZ;AGO
AGO;MOZ
ECU;BGR
KAZ;USA
USA;KAZ
DEU;BGR
NLD;TUR
NLD;SVN
SVN;NLD
MOZ;SWZ
SWZ;MOZ
NER;PAK
TUR;PRT
LTU;NLD
NLD;LTU
FRA;FIN
TGO;NOR
NOR;TGO
SVK;FIN
CHE;ARG
USA;MLI
MLI;USA
JPN;CHE
ZAF;PHL
PHL;ZAF
AUT;CHN
POL;IND
IND;POL
KHM;GBR
USA;LKA
TWN;VUT
TWN;PNG
VUT;TWN
PNG;TWN
GNB;GRC
HUN;FIN
FIN;HUN
CHL;NIC
PRT;DEU
MLI;EGY
NOR;VNM
SGP;BEL
SGP;LUX
FIN;SVK
ARG;CZE
CZE;ARG
ETH;USA
CZE;BIH
BIH;CZE
ZAF;UGA
FIN;NOR
SWE;NOR
NOR;FIN
NOR;SWE
HUN;ITA
ITA;HUN
SYR;YEM
YEM;SYR
LUX;DEU
UGA;ZAF
GBR;COD
COD;GBR
MYS;KHM
MMR;DEU
TZA;COD
ZMB;COD
KEN;COD
COD;TZA
COD;ZMB
KEN;ZMB
RWA;ZMB
COD;KEN
ZMB;KEN
ZMB;RWA
LBN;SAU
SAU;LBN
KAZ;AZE
TKM;AZE
AZE;KAZ
TKM;KAZ
AZE;TKM
KAZ;HUN
KGZ;SAU
SAU;KGZ
MYS;RUS
RUS;MYS
CAN;TJK
TJK;CAN
GNB;SRB
SRB;GNB
HUN;KAZ
TWN;KHM
MWI;TWN
TWN;MWI
KAZ;BGR
BGR;KAZ
CUB;VAT
CUB;ITA
ITA;CUB
BRA;VEN
UGA;USA
ETH;MLI
LKA;ZAF
DZA;CHN
CHN;DZA
DNK;NOR
NOR;DNK
SVK;YEM
YEM;SVK
GIN;ESP
ESP;GIN
TZA;CZE
POL;VNM
VNM;POL
NIC;ESP
ESP;NIC
KAZ;CZE
CZE;KAZ
TJK;PAK
PAK;TJK
IRN;KOR
KOR;IRN
PAK;RUS
CHN;CHE
CHE;CHN
CAN;AUS
SLV;VEN
JPN;LAO
NOR;TLS
CZE;IND
IND;CZE
CZE;BRA
BRA;CZE
PAK;UZB
PRT;SWZ
SWZ;PRT
MEX;BEL
CYP;DEU
DEU;CYP
VNM;NOR
CHN;AUT
HTI;ZAF
BOL;ESP
VAT;VNM
GBR;VUT
VUT;GBR
CHE;KHM
KHM;CHE
NIU;NZL
SOM;KEN
KEN;SOM
SRB;DEU
AUS;LAO
FRA;GEO
ITA;CHN
CHN;ITA
SWE;IDN
FIN;IDN
CHN;LAO
LAO;CHN
LVA;VNM
VNM;LVA
CZE;SLB
FRA;COG
COG;FRA
KGZ;JPN
CHN;SWE
RUS;SDN
PSE;ESP
ESP;PSE
LTU;LUX
LUX;LTU
USA;DNK
DNK;IND
LBY;LBN
POL;TWN
TWN;POL
NZL;PHL
UGA;COD
JPN;BOL
PRK;GBR
NAM;SGP
SGP;NAM
SVK;ZAF
ZAF;SVK
PRT;ESP
ESP;PRT
CZE;CHE
CHE;CZE
POL;JPN
ZWE;ETH
ZWE;USA
ETH;ZWE
USA;ZWE
JOR;KWT
KWT;JOR
NLD;TUN
TUN;NLD
RUS;MLT
DZA;ZWE
ZWE;DZA
BEL;RWA
SLE;CHN
CHN;SLE
JPN;RWA
JPN;COD
JPN;TZA
GAB;FRA
FRA;GAB
ETH;BFA
BFA;ETH
THA;BEN
BEN;THA
NPL;ITA
BOL;JPN
VEN;CHL
CHL;VEN
KOR;VNM
PRY;CHE
MNG;AUT
AUT;MNG
URY;FRA
FRA;URY
MWI;SDN
MWI;IRN
MWI;UGA
SDN;MWI
IRN;MWI
UGA;MWI
ARG;UKR
UKR;ARG
ZAF;NIC
NIC;ZAF
NLD;COD
COD;NLD
RWA;BEL
AUT;RUS
CHE;COD
ECU;BDI
ESP;COD
TUR;DEU
COD;CHE
CAN;COD
KEN;CMR
ZMB;UGA
ETH;UGA
UGA;ZMB
ETH;ZMB
ETH;RWA
UGA;ETH
ZMB;ETH
RWA;ETH
ZAF;ITA
VNM;BGR
BGR;VNM
CHN;SUR
SUR;CHN
FJI;AUS
AUS;FJI
VEN;CHN
CHN;VEN
SYR;GUY
GUY;SYR
HRV;IRN
QAT;IRQ
IRQ;QAT
FIN;ARM
ARM;FIN
GBR;TKM
TKM;GBR
GEO;HUN
HUN;GEO
ERI;MAR
MAR;ERI
KOR;MYS
CMR;KEN
GBR;YEM
YEM;GBR
TLS;PHL
SYR;IRL
ETH;KEN
KEN;ETH
ZAF;COD
COD;ZAF
COD;ESP
EGY;QAT
SGP;KHM
KHM;SGP
PRT;MEX
MEX;PRT
MEX;CHL
UGA;FRA
FRA;UGA
USA;UGA
PHL;DEU
DEU;PHL
IND;MYS
CHN;CRI
CIV;CAF
UGA;ROU
ROU;UGA
UKR;GBR
IRQ;PSE
CUB;IRQ
UKR;GRC
PRT;CHL
DEU;COD
COD;DEU
PRT;USA
COD;IRN
LUX;CHE
IDN;SGP
SLV;USA
URY;USA
NIC;DNK
DNK;NIC
BHR;NIC
TLS;RWA
TLS;BDI
COG;COD
AZE;FIN
FIN;AZE
BHR;AZE
AZE;BHR
DZA;CPV
EST;DNK
DNK;EST
PRK;IRN
PER;PHL
IDN;JOR
IDN;ITA
IDN;BGD
IDN;IRN
MYS;GIN
GIN;MYS
NLD;PHL
PHL;NLD
GBR;NPL
CZE;COD
SVK;PAK
PAK;SVK
PRY;CHL
URY;CHL
CHL;PRY
CHL;URY
SLV;NIC
PAN;URY
NLD;ITA
NLD;VNM
SWE;VNM
IDN;ZWE
ZWE;IDN
IRL;AUS
RWA;DEU
DEU;RWA
LKA;AFG
RWA;CAN
CZE;ROU
ROU;CZE
VNM;MMR
MMR;VNM
URY;PAN
ESP;BOL
GTM;NIC
NIC;GTM
GMB;PRK
PRK;GMB
RUS;NLD
GBR;LTU
LTU;GBR
CUB;ERI
ERI;CUB
CHL;PRT
BEL;ETH
VAT;RWA
SWE;HKG
HKG;SWE
CUB;PRT
PRT;CUB
MYS;ECU
TZA;ITA
ITA;TZA
CAN;UGA
UGA;CAN
SYR;NLD
NLD;SYR
CHN;JOR
JOR;CHN
BGR;ITA
ITA;BGR
BGR;HUN
HUN;BGR
IRN;ARE
BGR;ECU
GRC;UKR
COG;ITA
COD;COG
ITA;COG
ITA;NLD
NLD;EGY
EGY;NLD
JOR;IDN
IRN;OMN
PHL;ARE
TGO;ITA
ITA;TGO
CHN;BGR
BGR;CHN
COD;UGA
BGD;HUN
HUN;BGD
HKG;DEU
GBR;KAZ
KAZ;GBR
GBR;KGZ
KGZ;GBR
GBR;NLD
MEX;KOR
BLR;KOR
SWE;IRQ
PER;THA
PER;MYS
COD;MCO
MCO;COD
TLS;USA
ITA;SVK
MYS;PER
PRT;DZA
DZA;PRT
RUS;PRT
PRT;RUS
ZAF;IND
BIH;QAT
QAT;BIH
BLR;PRT
PRT;BLR
PSE;MYS
SEN;MYS
MYS;PSE
SEN;PSE
MYS;SEN
PSE;SEN
BDI;COG
BDI;BFA
IND;CHN
CHN;IND
VAT;TWN
CHN;VAT
VAT;CHN
MSR;SRB
EGY;UGA
UGA;EGY
SWE;CHL
CHL;SWE
ISR;PRT
PRT;ISR
TWN;PLW
CAN;UKR
CAN;POL
UKR;CAN
POL;CAN
KOR;MEX
COD;EGY
IRQ;PAK
AZE;PRT
PRT;AZE
PSE;ARE
PSE;QAT
ARE;PSE
GBR;LBY
LBY;GBR
PSE;HUN
HUN;PSE
CHL;SGP
CHL;PHL
SGP;CHL
PHL;CHL
TZA;EST
PAN;NIC
TLS;DEU
TLS;NOR
TLS;SWE
DEU;TLS
COG;UGA
COG;RWA
UGA;COG
RWA;COG
PHL;SAU
USA;JAM
COD;ARG
UKR;KOR
VEN;IRN
IRN;VEN
TKM;UZB
UZB;TKM
DNK;TUR
CZE;BLR
IRN;TUN
TUN;IRN
UKR;PRT
PRT;UKR
EGY;IRQ
COG;BDI
NIC;BLZ
PRT;CPV
CPV;PRT
SWE;TLS
JOR;ARE
IND;BGR
BGR;IND
FRA;BFA
BFA;FRA
IND;ZAF
VNM;ITA
ITA;VNM
MSR;TGO
RWA;ISR
MMR;PHL
NIC;SRB
JPN;MYS
ESH;ESP
DZA;ESH
GAB;CAF
AGO;CIV
CIV;AGO
ARM;GRC
GEO;GRC
GRC;ARM
GRC;GEO
UKR;UZB
UZB;UKR
HUN;PRT
ROU;PRT
PRT;HUN
PRT;ROU
ISR;ESP
JPN;YEM
YEM;JPN
SYR;ESP
KWT;VAT
VAT;KWT
GTM;CAN
FRA;CAF
NOR;ISL
LIE;ISL
ISL;NOR
LIE;NOR
ISL;LIE
NOR;LIE
PLW;TWN
SYR;CHN
CHN;SYR
TUR;MYS
MYS;TUR
ALB;ESP
ALB;TUR
TUR;ALB
HUN;CYP
LVA;CYP
EST;BGR
LVA;BGR
BGR;EST
CYP;HUN
LVA;HUN
CYP;LVA
BGR;LVA
HUN;LVA
BGR;BEL
CYP;BEL
EST;BEL
HUN;BEL
BEL;BGR
BEL;CYP
BEL;EST
BEL;HUN
ARE;JOR
POL;EGY
EGY;POL
AFG;BGD
BGD;AFG
COD;PAK
PAK;COD
HKG;KOR
SAU;PHL
NER;IND
MOZ;BFA
BFA;MOZ
KWT;ITA
ITA;KWT
ECU;RWA
ALB;RUS
COD;CAN
TWN;BEL
BEL;TWN
BEL;FRA
EGY;ESP
GBR;GHA
GHA;GBR
BFA;CAF
CAF;BFA
GAB;BFA
MLI;BFA
TCD;BFA
BFA;GAB
MLI;GAB
TCD;GAB
BFA;MLI
GAB;MLI
TCD;MLI
BFA;TCD
MLI;TCD
RWA;ECU
USA;MAR
KAZ;IND
IND;KAZ
KAZ;AUS
COL;DEU
ITA;SGP
AUS;CHE
CAN;CHE
KEN;CHE
CHE;AUS
CHE;CAN
CHE;KEN
AUS;SDN
SDN;AUS
GTM;CHN
CHN;GTM
CIV;KOR
KOR;CIV
FJI;LBN
LBN;FJI
IRL;NOR
IDN;MUS
CZE;CUB
CUB;CZE
QAT;ITA
ITA;QAT
BRA;BOL
BOL;BRA
CHN;ERI
ERI;CHN
SVN;SGP
SGP;SVN
ARG;JAM
JAM;ARG
ARG;COD
FIN;FRO
SWE;FRO
FRO;FIN
FRO;SWE
FRA;SWE
GTM;ESP
KHM;ITA
BRN;MYS
PHL;MYS
MYS;VEN
PRK;ESP
IDN;VNM
VNM;IDN
ESP;JOR
MEX;SGP
MEX;PHL
SGP;MEX
PHL;MEX
UKR;BIH
KIR;FJI
ARG;CRI
CRI;ARG
AUT;THA
ESP;PRY
PRY;ESP
ARE;BIH
NAM;DEU
DEU;NAM
NOR;CZE
LVA;NLD
NLD;LVA
IRN;IDN
MAR;DZA
BGR;DNK
DNK;BGR
IRL;BHS
BHS;IRL
