source;target
NER;NGA
NGA;NER
VAT;IDN
IDN;VAT
YEM;ETH
TJK;AFG
AFG;TJK
IDN;NGA
NGA;IDN
VNM;LAO
LAO;VNM
BIH;HUN
HUN;BIH
TJK;BLR
BLR;TJK
ISR;KAZ
UGA;TJK
TJK;UGA
ISR;JOR
VAT;PHL
PHL;VAT
CAN;ROU
CAN;BIH
ROU;CAN
BIH;CAN
SGP;IND
ISR;PSE
ISR;SYR
JOR;SAU
BRA;IND
BRA;ARG
SAU;JOR
COL;CHE
HRV;BIH
SWE;TZA
IRL;CYP
FIN;MAR
MAR;FIN
DZA;MAR
SRB;BIH
ROU;MDA
GAB;STP
LVA;IND
IND;LVA
SWE;IND
PAK;SYR
SYR;PAK
ERI;JOR
TZA;RWA
RWA;TZA
IND;PAK
ETH;YEM
IDN;PRT
PRT;IDN
ARE;KWT
KWT;ARE
TWN;SEN
CHE;HND
MAR;PAK
PAK;MAR
IND;SGP
BIH;HRV
ERI;YEM
SEN;TWN
DNK;SVK
CZE;SVK
ERI;SAU
ERI;DJI
TUN;YEM
YEM;TUN
ECU;PER
PER;ECU
LKA;THA
ISR;KOR
SYR;TUR
TUR;SYR
VAT;CUB
RWA;COD
COD;RWA
CYP;GRC
CYP;TUR
ETH;ERI
TWN;GTM
HRV;SRB
SRB;HRV
BIH;SRB
ZWE;ZMB
PAN;COL
COL;PAN
THA;MMR
MMR;THA
AFG;PAK
KHM;MMR
NGA;LBR
LBR;NGA
CHL;CUB
IDN;CUB
CUB;IDN
CZE;ARE
ARE;CZE
YEM;ERI
CUB;CHL
CRI;CHE
COL;PSE
SAU;ERI
POL;BEL
ETH;MOZ
ISR;LBN
SGP;MYS
MYS;SGP
SAU;ARE
PRT;AGO
PER;VEN
KWT;CZE
CZE;KWT
ERI;SDN
AGO;PRT
GAB;TCD
HUN;SVK
VNM;HKG
HKG;VNM
GMB;GHA
GHA;GMB
GEO;UKR
GEO;KAZ
GEO;KGZ
GEO;MDA
UKR;GEO
KAZ;GEO
KGZ;GEO
MDA;GEO
GEO;AZE
AZE;GEO
LBY;SDN
SDN;LBY
TUN;SDN
SDN;TUN
ERI;KWT
KWT;ERI
SAU;YEM
YEM;SAU
TUN;LBY
LBY;TUN
PAN;MEX
CRI;NIC
JOR;IRQ
IRQ;JOR
ECU;CHE
CHE;ECU
SDN;ERI
CYP;IRL
IRL;TUR
ARE;ERI
ERI;ARE
KOR;PRK
YEM;LBY
LBY;YEM
VAT;BIH
GTM;SLV
SLV;GTM
LBN;SYR
SYR;LBN
THA;LAO
IDN;TLS
TLS;IDN
CAN;IND
FIN;PSE
IND;CAN
VEN;COL
COL;VEN
VAT;VEN
VEN;VAT
VEN;PER
NLD;PSE
IND;MMR
MMR;IND
PSE;SLE
SLE;PSE
PAK;AFG
SYR;KWT
KWT;SYR
IND;DZA
GEO;ARM
ARM;GEO
SYR;NOR
NOR;SYR
QAT;SAU
SAU;QAT
IRL;PSE
PSE;KWT
NOR;ARE
ISR;CZE
PSE;DZA
DZA;PSE
BOL;PRI
GTM;MEX
MEX;GTM
HRV;MNE
TZA;BDI
TUN;ERI
ERI;TUN
ISR;QAT
ISR;NOR
ISR;YEM
COL;CRI
CRI;COL
THA;VNM
VNM;THA
LBY;IRQ
GRC;ALB
AUS;MYS
MYS;AUS
CAN;IDN
IDN;CAN
PSE;TUN
TUN;PSE
ARG;PER
BRA;PER
CHL;PER
ARG;ECU
BRA;ECU
CHL;ECU
PER;ARG
PER;BRA
PER;CHL
ECU;ARG
ECU;BRA
ECU;CHL
GIB;MAR
MAR;GIB
SWE;SVK
PSE;BIH
BIH;PSE
TUR;IDN
PNG;AUS
AUS;PNG
SLE;BFA
ISR;ERI
TZA;YEM
YEM;TZA
IND;ZWE
ZWE;IND
MDA;ROU
MLT;TUN
TUN;MLT
UKR;MDA
MDA;UKR
KHM;THA
THA;KHM
TLS;PRT
SYR;PSE
PRT;TLS
AGO;NAM
NAM;AGO
HND;COD
VAT;SLV
ROU;BGR
TUR;GRC
SLE;CIV
CIV;SLE
ISR;ALB
GRC;TUR
POL;CHE
CHE;POL
PRK;KHM
KHM;KOR
KHM;PRK
KAZ;TJK
PAK;NIC
NIC;PAK
MEX;NIC
MYS;IRQ
IRQ;MYS
ARE;IRQ
ARG;CHE
ALB;MLT
MLT;ALB
VAT;MEX
MEX;VAT
KWT;BHR
VAT;NIC
NIC;VAT
HND;NIC
NIC;HND
MRT;DZA
TUN;MRT
MRT;TUN
DZA;MRT
NLD;SRB
SRB;NLD
KOR;IND
KOR;SGP
IND;KOR
KHM;VNM
VNM;KHM
VAT;GTM
PAK;IND
CHE;SVK
IRL;SYR
MLT;NLD
CAN;RWA
SRB;SVK
BGR;NLD
NLD;BGR
SRB;MKD
MKD;SRB
ROU;HUN
HUN;ROU
BGR;ROU
KGZ;TJK
UZB;TJK
IND;KHM
KHM;IND
MAR;LBY
LBY;MAR
ISR;LBY
MLI;MAR
MAR;MLI
IDN;PNG
CHE;ROU
ROU;CHE
FIN;HRV
HRV;FIN
SDN;CAF
CAF;SDN
BEL;IRL
IRL;BEL
POL;UKR
UKR;POL
FIN;BIH
BIH;FIN
PSE;CHE
CHE;PSE
LTU;EST
LVA;EST
SWE;EST
EST;LTU
LVA;LTU
SWE;LTU
EST;LVA
LTU;LVA
SWE;LVA
EST;SWE
LTU;SWE
LVA;SWE
POL;HRV
HRV;POL
AGO;COD
COD;AGO
TUN;DZA
DZA;TUN
UKR;CHE
CHE;UKR
TJK;UZB
COL;NLD
DNK;BIH
LKA;IDN
GTM;VAT
DNK;UGA
UGA;DNK
PAK;SAU
IRQ;SAU
DNK;LVA
LVA;DNK
ZWE;AGO
POL;SVK
HRV;SVK
BHR;SAU
HRV;NLD
MOZ;ZWE
ZWE;MOZ
CZE;POL
PER;CHE
CHE;PER
SAU;PAK
LKA;CAN
MMR;KHM
TCD;CAF
TCD;SDN
CAF;TCD
SDN;TCD
MMR;LAO
LAO;MMR
LAO;THA
AUS;BIH
LKA;KOR
THA;SVK
NLD;BIH
FIN;SRB
SRB;FIN
FIN;ROU
ROU;FIN
PSE;LBN
PSE;SYR
BEL;NLD
SVN;CHE
CHE;SVN
SEN;NER
NER;SEN
EST;UKR
UKR;EST
IRQ;IDN
IDN;IRQ
HND;SLV
DOM;COL
COL;DOM
HND;MEX
SLV;MEX
NIC;MEX
CRI;MEX
IDN;TWN
LUX;HRV
NLD;HRV
UKR;FIN
FIN;UKR
NLD;ROU
NLD;SVK
ROU;NLD
ISR;KEN
TUR;IRQ
IRQ;SYR
LUX;SVK
GRC;BEL
FIN;MKD
MKD;FIN
NOR;ROU
ROU;NOR
MOZ;PRT
PRT;MOZ
GRC;CZE
CZE;GRC
COL;MEX
TJK;TKM
TKM;TJK
SYR;IRQ
MOZ;BRA
PAK;IDN
IDN;PAK
HTI;CUB
COL;HTI
HTI;COL
CUB;HTI
GTM;NOR
NOR;GTM
SLV;VAT
JOR;MAR
MAR;JOR
UKR;AGO
ISR;SVK
BGR;SRB
SRB;BGR
SRB;HUN
HUN;SRB
MLI;NER
NER;MLI
HRV;SVN
SVN;HRV
BGR;CHE
CHE;BGR
NOR;BGR
BGR;NOR
HUN;SWE
SWE;HUN
ROU;MEX
MEX;ROU
ESH;MAR
TJK;TUR
TUR;TJK
IND;THA
PAK;BRN
OMN;QAT
QAT;OMN
BDI;COD
COD;BDI
SWE;DZA
BIH;NLD
IND;ETH
ALB;GRC
GHA;NER
NER;GHA
ISR;SWE
TKM;TUR
TUR;TKM
THA;MYS
SLV;BLZ
TWN;SLV
SLV;TWN
SDN;UGA
UGA;SDN
LBY;PSE
PSE;LBY
KWT;IRQ
GRC;CYP
IRQ;TUR
OMN;SAU
SAU;OMN
SAU;IRQ
NPL;IND
IND;NPL
PRK;KOR
THA;DNK
PHL;PNG
PNG;PHL
TLS;AUS
TUR;NLD
CUB;BEL
SGP;PHL
MNE;BIH
ROU;SWZ
SWZ;ROU
CAN;TLS
TLS;CAN
LTU;DNK
DNK;LTU
MEX;CRI
AGO;SVK
VNM;BEL
BEL;VNM
MYS;VNM
UKR;IDN
IDN;UKR
THA;IDN
VAT;PER
GAB;AGO
AGO;GAB
CAN;HTI
ARG;CHL
BRA;CHL
CHL;ARG
CHL;BRA
ARG;BRA
CRI;NLD
SGP;THA
THA;SGP
SGP;KOR
SDN;KEN
HTI;DOM
DOM;HTI
CAN;CHL
CHL;CAN
SDN;SYR
SYR;SDN
ISR;HUN
KEN;ZWE
ZWE;KEN
ETH;TZA
TZA;ETH
VNM;UKR
UKR;VNM
AZE;CHE
CHE;AZE
CUB;DZA
DZA;CUB
SDN;NGA
NGA;SDN
KEN;SDN
SDN;IDN
SDN;MYS
IDN;SDN
MYS;SDN
SDN;SSD
AFG;TKM
CAN;CUB
VAT;CRI
CRI;VAT
IRQ;CUB
IRQ;DZA
DZA;IRQ
KHM;KAZ
POL;CZE
PSE;JOR
PER;MEX
CAN;LUX
NOR;PSE
PSE;NOR
SRB;UKR
UKR;SRB
KEN;RWA
ROU;BIH
BIH;ROU
CYP;POL
POL;CYP
TKM;SYR
SYR;TKM
AZE;ARM
ARM;AZE
CHE;ARM
ARM;CHE
IDN;THA
PRT;THA
THA;PRT
TCD;LBY
LBY;TCD
BTN;IND
IND;BTN
KWT;SAU
SAU;KWT
NLD;CYP
CYP;NLD
NZL;AUS
TUR;CYP
SGP;TWN
HRV;MKD
SVN;MKD
MKD;HRV
MKD;SVN
SLV;CRI
CRI;SLV
IND;BGD
ECU;KHM
KHM;ECU
ERI;KEN
KEN;ERI
NLD;IDN
IDN;NLD
LUX;BEL
SYR;DZA
DZA;SYR
IDN;AUS
CUB;CAN
POL;LTU
LTU;POL
HRV;CZE
CZE;HRV
TWN;SGP
PER;PAN
PAN;PER
BRB;HUN
SRB;CZE
CZE;SRB
AGO;TGO
TGO;AGO
HRV;AUT
AUT;HRV
VNM;PHL
PHL;VNM
AUS;VNM
VNM;AUS
VNM;LUX
LUX;VNM
BEL;LVA
LVA;BEL
LKA;MYS
TWN;PRK
PRK;TWN
ISR;CYP
SGP;PSE
LAO;SVK
ISR;GRC
DZA;ROU
ROU;DZA
ISR;OMN
VNM;MYS
YEM;IRQ
LUX;NLD
NLD;BEL
NLD;LUX
BEL;LUX
DNK;POL
POL;DNK
SGP;AUS
UKR;SVK
IND;SVK
LKA;PAK
BOL;COL
PER;COL
ECU;COL
COL;BOL
VEN;BOL
PER;BOL
ECU;BOL
BOL;VEN
ECU;VEN
COL;PER
BOL;PER
COL;ECU
BOL;ECU
VEN;ECU
SRB;BLR
BLR;SRB
SVN;AUT
AUT;SVN
KAZ;UZB
UZB;KAZ
TKM;AFG
TUR;GEO
GEO;TUR
PNG;IDN
TUR;PSE
PSE;TUR
CYP;BGR
BGR;CYP
RWA;KEN
PHL;TWN
HKG;TWN
BDI;TZA
BFA;RWA
RWA;BFA
HRV;PRT
PRT;HRV
IRQ;YEM
FIN;KWT
KWT;FIN
FIN;ARE
IRQ;VNM
VNM;IRQ
HRV;VNM
NLD;HUN
HUN;NLD
KWT;POL
POL;IRQ
LBY;SAU
SAU;LBY
KEN;TZA
UGA;TZA
TZA;KEN
UGA;KEN
TZA;UGA
KEN;UGA
HKG;THA
POL;VAT
MAR;IRQ
IRQ;MAR
UKR;NOR
NOR;UKR
SDN;KOR
KOR;SDN
LBY;SYR
SYR;LBY
ISR;TUR
TWN;PHL
BGR;SYR
SYR;BGR
GRC;TKM
VAT;SVK
BGR;SVK
PSE;ROU
MLI;LBY
LBY;MLI
PHL;IDN
IDN;PHL
BRN;PAK
SAU;PSE
KWT;PSE
PAK;TUN
TUN;PAK
PAK;LBY
COL;IRQ
FIN;EST
CAN;CZE
CZE;CAN
GRC;BGR
BGR;GRC
ROU;GRC
GRC;ROU
VNM;CUB
BLR;KAZ
KGZ;KAZ
KAZ;BLR
KGZ;BLR
KAZ;KGZ
BLR;KGZ
AUT;SVK
KEN;SVK
POL;BLR
BLR;POL
MRT;NLD
NLD;MRT
KHM;MYS
PSE;ARG
IDN;CHL
CHL;IDN
ARG;PSE
ISR;ARG
IRL;ZMB
IRL;ZWE
IRL;TZA
IRL;RWA
IRL;COD
IRL;BDI
IRL;UGA
IRL;SOM
ZMB;IRL
ZWE;IRL
TZA;IRL
RWA;IRL
COD;IRL
BDI;IRL
UGA;IRL
SOM;IRL
PSE;IRQ
SDN;ETH
BGR;ALB
ALB;BGR
AFG;IND
PNG;MYS
MYS;PNG
VNM;UZB
UZB;VNM
CZE;EST
EST;CZE
DJI;KEN
DJI;UGA
ERI;UGA
KEN;DJI
UGA;DJI
SDN;DJI
UGA;ERI
DJI;ERI
DJI;SDN
LKA;PHL
MLI;DZA
DZA;MLI
CZE;UKR
UKR;CZE
GEO;ROU
ROU;GEO
THA;HRV
HRV;THA
MUS;IDN
HTI;CAN
AUS;IDN
AUS;SGP
AUS;THA
THA;AUS
HND;PER
LUX;CZE
LUX;HUN
MEX;SVK
TUR;SVK
IND;AFG
LAO;PRK
PRK;LAO
PNG;SLB
MDA;EST
EST;MDA
CAN;THA
CAN;VNM
SUR;MNG
MNG;SUR
TJK;KAZ
HUN;LUX
TUN;TUR
HUN;TUN
TUN;HUN
HRV;HUN
HUN;HRV
KAZ;TKM
ALB;BIH
BIH;ALB
IDN;KHM
MKD;ALB
VUT;PNG
BGR;TKM
TKM;BGR
CZE;LUX
PAN;CUB
MDA;LTU
LTU;MDA
BIH;MYS
PSE;SAU
PER;HND
DNK;SWE
FIN;SWE
AUT;SWE
SWE;DNK
FIN;DNK
AUT;DNK
SWE;FIN
DNK;FIN
AUT;FIN
SWE;AUT
DNK;AUT
FIN;AUT
CAN;LKA
SGP;BRN
SLE;GIN
GIN;SLE
TUR;DNK
BHS;CUB
ISR;SDN
ALB;HRV
HRV;ALB
NLD;TWN
CUB;VNM
PRT;BRA
TJK;SWE
SWE;TJK
MYS;BIH
ETH;SDN
HKG;PHL
PHL;HKG
BEL;SVK
ETH;DJI
DJI;ETH
BHR;BIH
BIH;BHR
PHL;SGP
POL;HUN
LTU;BGR
BGR;LTU
BLR;SVK
AZE;PAK
PAK;AZE
HRV;CAN
BGR;MKD
TUR;AZE
THA;BRN
SLE;LBN
HUN;AUT
AUT;HUN
LBR;SEN
SEN;LBR
GHA;NGA
NGA;GHA
PAN;GRC
PAN;VAT
VAT;PAN
GRC;PAN
CUB;JAM
HUN;CZE
CZE;HUN
NER;LBY
LBY;NER
CZE;MKD
MKD;CZE
LBN;VAT
JOR;PSE
ISR;TUN
TJK;KGZ
HUN;POL
NGA;SAU
SAU;NGA
YEM;DJI
DJI;YEM
VNM;CAN
IRL;ARG
ARG;IRL
VAT;TUN
CHE;LBR
ARG;GEO
GEO;ARG
BLR;MNG
MNG;BLR
EST;FIN
AZE;BEL
BEL;AZE
ROU;CYP
ARM;SYR
ARM;ROU
ARM;BGR
SYR;ARM
ROU;ARM
BGR;ARM
CZE;TWN
TWN;CZE
VAT;SVN
GHA;LBR
LBR;GHA
HKG;CAN
TWN;IDN
CAN;HKG
JOR;LBN
SDN;JOR
JOR;SDN
LUX;GRC
LTU;BLR
BLR;LTU
KOR;TUR
KOR;POL
KOR;HUN
KOR;ROU
UZB;KGZ
KGZ;UZB
VAT;COL
TWN;PAN
NZL;KOR
NZL;HKG
KOR;NZL
HKG;NZL
COL;ZWE
ZWE;COL
COL;ZMB
ISR;FJI
KOR;MNG
ISR;AGO
BGR;AUT
AUT;BGR
ARG;VEN
ARG;HRV
CHL;BOL
BOL;CHL
TWN;THA
BEN;NER
BEN;BFA
NER;BEN
BFA;BEN
LBR;SLE
SLE;LBR
HUN;EST
EST;HUN
CMR;NGA
NGA;CMR
PAK;SVN
ARG;HND
PAK;SWE
SDN;SAU
SAU;SDN
HRV;IRL
IRL;HRV
HUN;IDN
IDN;HUN
ISR;HTI
AGO;GLP
GLP;AGO
QAT;PSE
BIH;PRT
PRT;BIH
KOR;AUT
AUT;KOR
LVA;FIN
FIN;LVA
LBN;JOR
KWT;OMN
OMN;KWT
LBY;DZA
DZA;LBY
PRK;LBY
PRK;DZA
DZA;PRK
POL;ROU
AUT;BIH
ALB;SVN
HKG;PRK
UKR;LVA
LVA;UKR
BRN;SGP
LBN;BEL
UGA;LBN
LBN;UGA
LBN;MYS
LBN;KOR
CHE;SRB
BHS;CAN
CAN;BHS
ISR;NGA
TJK;BIH
BIH;TJK
ZWE;KOR
JOR;QAT
QAT;JOR
BIH;MNE
PRT;ALB
MEX;POL
BWA;NOR
NOR;BWA
ARG;SLV
VEN;BRA
IDN;MDG
MDG;IDN
ROU;SAU
SWE;PAK
MDG;SGP
SGP;MDG
IRQ;SVK
EST;ISL
ISL;EST
LBY;PRK
HND;ARG
YEM;JOR
AZE;KWT
UKR;AUT
CZE;SVN
POL;SVN
SVN;CZE
SVN;POL
BRA;SVK
SLV;ARG
ARG;CUB
TJK;PRK
PRK;SYR
SYR;PRK
KOR;SYR
SYR;KOR
ECU;HRV
HRV;ECU
CAN;SVN
SVN;CAN
GRC;DZA
MLT;DZA
DZA;GRC
MLT;GRC
DZA;MLT
GRC;MLT
IRL;CAN
CAN;IRL
ALB;MKD
BFA;GIN
LBY;GIN
BLZ;IRL
IRL;BLZ
ARG;PAN
PAN;ARG
POL;PRK
PRK;POL
CIV;LBR
LBR;CIV
AUT;ALB
BGR;MDA
MDA;BGR
UZB;TUR
TUR;UZB
TUR;IRL
DOM;VEN
VEN;DOM
DOM;PAN
BOL;NLD
ARG;GTM
BOL;SWE
SWE;BOL
NLD;BOL
SYR;SAU
SAU;SYR
PHL;AUS
VNM;IRL
IRL;VNM
AUT;UKR
THA;CHL
IRQ;LBY
TUR;VAT
LBY;CUB
CUB;LBY
PHL;THA
THA;PHL
UZB;AZE
AZE;UZB
KAZ;MYS
KAZ;SGP
MYS;KAZ
SGP;KAZ
UZB;GEO
GEO;UZB
MYS;THA
SRB;TKM
SGP;FIN
BHR;QAT
SGP;ZWE
ZWE;SGP
SYR;JOR
JOR;SYR
MRT;MLI
SEN;MLI
MLI;MRT
SEN;MRT
MLI;SEN
MRT;SEN
SGP;BGD
ETH;DZA
DZA;ETH
TUR;BGR
FIN;SGP
AUT;BEL
SRB;CHE
HRV;UKR
UKR;HRV
ROU;HRV
HRV;ROU
PAK;KOR
KOR;PAK
TUN;SYR
ARG;VNM
VNM;ARG
TWN;CAN
CAN;TWN
MEX;CAN
ARE;OMN
OMN;ARE
PRY;URY
URY;PRY
CZE;TZA
MOZ;BEL
BEL;MOZ
ISR;TZA
BLR;UKR
UKR;BLR
AUS;SLB
MEX;CUB
BLR;LVA
LVA;BLR
BHR;SYR
SYR;BHR
IRQ;KWT
ARE;BHR
BRA;MMR
MMR;BRA
CAN;MEX
IND;PER
ARG;SYR
BHR;JOR
JOR;BHR
BHR;ARE
AUS;BRA
BRA;AUS
IRL;DNK
LUX;DNK
DNK;IRL
LUX;IRL
DNK;LUX
IRL;LUX
LUX;ALB
ALB;LUX
ECU;NIC
SGP;SWE
SWE;SGP
TUR;BEL
BEL;TUR
TUR;LUX
LUX;TUR
AUS;MNG
TLS;IRL
IRL;TLS
GRC;AUT
AUT;GRC
NIC;TWN
TWN;NIC
GTM;PER
GTM;BOL
PER;GTM
BOL;GTM
LUX;BIH
LUX;SRB
LUX;MKD
BIH;LUX
HRV;LUX
SRB;LUX
MKD;LUX
PRY;BRA
URY;BRA
PRY;ARG
URY;ARG
ARG;PRY
BRA;PRY
ARG;URY
BRA;URY
UZB;ROU
COL;ARG
VEN;ARG
ATG;ARG
ROU;UZB
ARG;BEL
ARG;LUX
BIH;TKM
TKM;BIH
PAK;LKA
UGA;KHM
KHM;UGA
SVN;LUX
NAM;BWA
BWA;NAM
AUS;NGA
SLB;PNG
IRQ;AUT
AUT;IRQ
QAT;SYR
SYR;QAT
SAU;TUR
NLD;KOR
KOR;NLD
CYP;CHE
CHE;CYP
BHR;KWT
LBN;BHR
NLD;PRK
AUT;POL
POL;AUT
CUB;PRK
PRK;CUB
CUB;MEX
ECU;PAN
PAN;ECU
KGZ;SVK
IDN;LKA
CZE;AUT
AUT;CZE
ARG;FLK
CUB;COL
PSE;VAT
VAT;PSE
COL;PRK
PRK;COL
SVN;GRC
SRB;ROU
ROU;SRB
BGR;ZWE
ZWE;BGR
SRB;PAK
BWA;KWT
KWT;BWA
TUN;JOR
JOR;TUN
SYR;TUN
IRQ;TUN
ARG;MAR
MAR;ARG
ALB;AUT
GRC;POL
POL;GRC
SGP;IDN
ARE;SVK
IRL;SVK
KWT;SVK
CAN;PSE
HRV;NOR
NOR;HRV
PAK;TUR
TUR;PAK
BIH;SVN
BIH;MKD
SVN;BIH
MKD;BIH
HRV;ARE
ARE;HRV
BEL;ARG
SLV;PER
VNM;SRB
AUS;MMR
TUR;MKD
TUR;KGZ
KGZ;TUR
PRK;MEX
MEX;PRK
FIN;MMR
NOR;MMR
CHE;MMR
TWN;HKG
AUS;KOR
KOR;AUS
ARG;CAN
CAN;ARG
RWA;BDI
PSE;BHR
BHR;PSE
GHA;ZWE
NAM;ZWE
ZWE;GHA
NAM;GHA
ZWE;NAM
GHA;NAM
MLI;GHA
GHA;MLI
QAT;BHR
SDN;NOR
SDN;CHE
NOR;SDN
CHE;SDN
NGA;TGO
TGO;NGA
CHL;GRC
UGA;PRK
SGP;VAT
VAT;SGP
URY;MYS
SWZ;THA
THA;SWZ
DNK;THA
LKA;IND
IND;LKA
CAN;TKM
CAN;MKD
MEX;MYS
MYS;MEX
UKR;IRQ
IRQ;UKR
LTU;SVK
VNM;PRK
PRK;VNM
MEX;IDN
IDN;MEX
AUS;HKG
HKG;AUS
GMB;NGA
NGA;GMB
ROU;SVK
SRB;TUR
FJI;PYF
PYF;FJI
ARM;TKM
TKM;ARM
TZA;ZMB
ZMB;TZA
TUR;ROU
ROU;TUR
COL;ARM
ARM;COL
CUB;VEN
VEN;CUB
BGD;IND
CHE;COL
BIH;TUR
MKD;TUR
BIH;GRC
MKD;GRC
TUR;BIH
GRC;BIH
GRC;MKD
VAT;MMR
NER;SAU
SAU;NER
CHL;AUS
KOR;KHM
VEN;BIH
AGO;CUB
CUB;AGO
ARG;DOM
DOM;ARG
ARG;BOL
BOL;ARG
NIC;CRI
MEX;THA
THA;MEX
GRC;IRL
DZA;CMR
CMR;DZA
ARE;PHL
SAU;BHR
BGR;BIH
ROU;ALB
BIH;BGR
ALB;ROU
AUS;ARG
ARG;AUS
BDI;RWA
PRY;CUB
TJK;KOR
VAT;CZE
CZE;VAT
ALB;SRB
VEN;TTO
TTO;VEN
SRB;AUT
AUT;SRB
HND;TWN
SRB;ALB
AUS;CHL
IRQ;IND
ISR;SAU
AUS;KHM
SEN;CAF
CAF;SEN
PRK;AUS
AUS;PRK
TCD;COD
COD;TCD
PSE;MAR
MAR;PSE
MYS;URY
GTM;CHL
SLV;CHL
HND;CHL
NIC;CHL
CRI;CHL
CHL;CRI
COL;CUB
BGD;SAU
SAU;BGD
SOM;AUS
HUN;IRL
PRY;TWN
TWN;PRY
CUB;PRY
MYS;KGZ
CHL;GTM
HND;GTM
CRI;GTM
GTM;HND
CHL;HND
SLV;HND
CRI;HND
CHL;SLV
GTM;CRI
HND;CRI
BGR;MLT
MLT;BGR
PSE;CMR
CMR;PSE
MYS;MMR
IRL;GRC
SYR;ARE
ARE;SYR
IND;IRQ
SWE;MOZ
MOZ;SWE
IRL;HKG
OMN;BHR
QAT;KWT
KWT;QAT
ARE;QAT
QAT;ARE
BHR;OMN
MDV;NPL
PAK;NPL
LKA;NPL
NPL;MDV
PAK;MDV
LKA;MDV
NPL;PAK
MDV;PAK
NPL;LKA
MDV;LKA
LUX;COD
ROU;SVN
SVN;ROU
VNM;NZL
TWN;HND
IDN;UZB
VNM;KOR
PSE;YEM
YEM;PSE
NLD;NPL
NPL;NLD
BEL;LBN
LBN;IRL
IRL;LBN
BIH;CHE
CHE;BIH
HKG;MAC
MAC;HKG
UGA;BDI
BDI;UGA
VAT;DZA
AUS;IND
COD;BEL
THA;TWN
BEL;COD
KHM;PHL
IDN;KOR
KOR;IDN
KOR;ARG
IDN;TUR
NIC;NLD
ARG;MYS
ARG;IDN
MNE;HRV
NLD;BTN
BTN;NLD
KOR;GTM
KOR;CHL
KOR;BRA
KOR;PER
BIH;IRL
IRL;BIH
UGA;LBY
LBY;UGA
ISR;CAN
IRQ;SDN
SDN;IRQ
ARG;KOR
AUS;TWN
TWN;AUS
SEN;MAR
MAR;SEN
GRC;SRB
SRB;GRC
TWN;DOM
DOM;TWN
HRV;GRC
GRC;HRV
HUN;SDN
SDN;HUN
MYS;FJI
FJI;MYS
TKM;PAK
PAK;TKM
DOM;CHL
PHL;KHM
PER;PRY
PRY;PER
NIC;COL
HRV;TUR
TUR;HRV
THA;CYM
UKR;BGR
BGR;UKR
GNB;ECU
SEN;BRA
SEN;GAB
GAB;SEN
TKM;CHE
HND;DOM
COL;HND
GTM;ECU
MEX;BOL
BOL;MEX
ECU;MEX
MEX;ECU
SOM;ETH
BDI;BEL
BEL;BDI
KWT;BIH
ISR;IND
ISR;PAK
KOR;LKA
KEN;AUS
IND;AUS
MUS;AUS
AUS;KEN
SGP;KEN
IND;KEN
MUS;KEN
KEN;SGP
MUS;SGP
KEN;IND
MUS;IND
AUS;MUS
KEN;MUS
SGP;MUS
IND;MUS
OMN;MUS
OMN;IND
MUS;OMN
IND;OMN
SYR;MAR
ISR;DZA
ISR;MAR
MMR;MYS
TUR;SGP
SGP;TUR
CHE;MOZ
UGA;BEL
BEL;UGA
BEL;TZA
LKA;CHE
CHE;LKA
BGD;MMR
COG;TWN
BGD;SVK
CAN;LTU
LTU;CAN
NZL;PAK
DZA;GHA
GHA;DZA
AUS;MHL
MHL;AUS
PRT;POL
POL;PRT
AUS;GRC
GAB;KOR
KOR;GAB
DNK;MNG
MNG;DNK
NER;IRQ
NLD;SGP
SGP;NLD
TWN;UKR
UKR;TWN
KAZ;NLD
NLD;KAZ
ISR;AUT
NLD;KGZ
KGZ;NLD
AUS;IRQ
GUM;IRQ
IRQ;GUM
TUR;JOR
JOR;TUR
KOR;CRI
SGP;NPL
VEN;PRY
GTM;KOR
PRT;SVK
SOM;YEM
YEM;SOM
MOZ;TLS
AFG;UZB
AFG;KAZ
UZB;AFG
KAZ;AFG
UZB;IDN
GNQ;NGA
NGA;GNQ
TUR;UKR
UKR;TUR
AUS;PHL
MMR;BGD
PAK;IRQ
RWA;UGA
UGA;RWA
TWN;MMR
PRY;VEN
CYP;SVK
AUS;PAK
KHM;AUS
SRB;MNE
MNE;SRB
SRB;BEL
BEL;SRB
TWN;KOR
KOR;TWN
KAZ;TUR
TUR;KAZ
VAT;HUN
HUN;VAT
MAR;TUN
TUN;MAR
ISR;IRL
VUT;NZL
CAN;IRQ
UZB;LTU
LTU;UZB
CZE;MYS
CZE;SGP
NOR;HUN
HUN;NOR
PHL;IRQ
GNB;AGO
AGO;GNB
POL;MKD
MKD;POL
GIN;AGO
AGO;GIN
THA;IND
CHL;KOR
LKA;IRQ
NER;IDN
TWN;MYS
MYS;TWN
PSE;IRL
COL;BRA
BRA;COL
BEL;POL
HRV;BEL
BEL;HRV
TUR;IND
NLD;MNG
MNG;NLD
NGA;IRQ
IRQ;NGA
EST;IRQ
VNM;ESH
ESH;VNM
NLD;IRL
MYS;MWI
MWI;MYS
ARE;SAU
MYS;CZE
UKR;SWE
SWE;UKR
ZWE;CIV
CIV;ZWE
AZE;TUR
PAK;UGA
UGA;PAK
FIN;CZE
CZE;FIN
ZWE;JAM
JAM;ZWE
ROU;TUN
TUN;ROU
COL;PRY
COL;URY
SAU;UZB
UZB;SAU
MEX;ARG
ARG;MEX
BRA;MEX
PRY;MEX
URY;MEX
MEX;BRA
MEX;PRY
MEX;URY
BWA;TZA
TZA;BWA
PRT;STP
STP;PRT
SGP;CZE
BRA;KOR
CRI;HKG
IND;HKG
KEN;MOZ
MOZ;KEN
LBY;IND
BWA;MOZ
MKD;BGR
PSE;PAK
IDN;IND
MYS;IND
KHM;HRV
HRV;KHM
TUR;LBY
LBY;TUR
HRV;ARG
PER;KOR
IRL;NGA
TUR;SDN
PSE;LUX
LUX;PSE
TUR;NGA
ZMB;AGO
NGA;TUR
AFG;TUR
IRQ;BHR
BHR;IRQ
NOR;SVK
PHL;MMR
PHL;CAN
LBY;PAK
SVN;HUN
HUN;SVN
BGR;LUX
PAN;CHE
CHE;PAN
IDN;MYS
MYS;IDN
TUN;BEL
BEL;TUN
BWA;AGO
AGO;BWA
BEN;TGO
TGO;BEN
SAU;BIH
BIH;SAU
EST;CYP
CYP;EST
BEL;HKG
LUX;HKG
HKG;LUX
ECU;AFG
TUR;TUN
FJI;TWN
TWN;FJI
BWA;ZWE
AGO;ZWE
ZWE;BWA
MOZ;BWA
MOZ;AGO
AGO;MOZ
ECU;BGR
NLD;TUR
NLD;SVN
SVN;NLD
MOZ;SWZ
SWZ;MOZ
NER;PAK
TUR;PRT
LTU;NLD
NLD;LTU
TGO;NOR
NOR;TGO
CHE;ARG
POL;IND
IND;POL
TWN;VUT
TWN;PNG
VUT;TWN
PNG;TWN
GNB;GRC
HUN;FIN
FIN;HUN
CHL;NIC
NOR;VNM
SGP;BEL
SGP;LUX
FIN;SVK
ARG;CZE
CZE;ARG
CZE;BIH
BIH;CZE
FIN;NOR
SWE;NOR
NOR;FIN
NOR;SWE
SYR;YEM
YEM;SYR
MYS;KHM
TZA;COD
ZMB;COD
KEN;COD
COD;TZA
COD;ZMB
KEN;ZMB
RWA;ZMB
COD;KEN
ZMB;KEN
ZMB;RWA
LBN;SAU
SAU;LBN
KAZ;AZE
TKM;AZE
AZE;KAZ
TKM;KAZ
AZE;TKM
KAZ;HUN
KGZ;SAU
SAU;KGZ
CAN;TJK
TJK;CAN
GNB;SRB
SRB;GNB
HUN;KAZ
TWN;KHM
MWI;TWN
TWN;MWI
KAZ;BGR
BGR;KAZ
CUB;VAT
BRA;VEN
ETH;MLI
DNK;NOR
NOR;DNK
YEM;SVK
TZA;CZE
POL;VNM
VNM;POL
KAZ;CZE
CZE;KAZ
TJK;PAK
PAK;TJK
CAN;AUS
SLV;VEN
NOR;TLS
CZE;IND
IND;CZE
CZE;BRA
BRA;CZE
PAK;UZB
PRT;SWZ
SWZ;PRT
MEX;BEL
VNM;NOR
VAT;VNM
CHE;KHM
KHM;CHE
NIU;NZL
SOM;KEN
KEN;SOM
AUS;LAO
SWE;IDN
FIN;IDN
LVA;VNM
VNM;LVA
CZE;SLB
LTU;LUX
LUX;LTU
DNK;IND
LBY;LBN
POL;TWN
TWN;POL
NZL;PHL
UGA;COD
NAM;SGP
SGP;NAM
CZE;CHE
CHE;CZE
ZWE;ETH
ETH;ZWE
JOR;KWT
KWT;JOR
NLD;TUN
TUN;NLD
DZA;ZWE
ZWE;DZA
BEL;RWA
ETH;BFA
BFA;ETH
THA;BEN
BEN;THA
VEN;CHL
CHL;VEN
KOR;VNM
PRY;CHE
MNG;AUT
AUT;MNG
MWI;SDN
MWI;UGA
SDN;MWI
UGA;MWI
ARG;UKR
UKR;ARG
NLD;COD
COD;NLD
RWA;BEL
CHE;COD
ECU;BDI
COD;CHE
CAN;COD
KEN;CMR
ZMB;UGA
ETH;UGA
UGA;ZMB
ETH;ZMB
ETH;RWA
UGA;ETH
ZMB;ETH
RWA;ETH
VNM;BGR
BGR;VNM
FJI;AUS
AUS;FJI
SYR;GUY
GUY;SYR
QAT;IRQ
IRQ;QAT
FIN;ARM
ARM;FIN
GEO;HUN
HUN;GEO
ERI;MAR
MAR;ERI
KOR;MYS
CMR;KEN
TLS;PHL
SYR;IRL
ETH;KEN
KEN;ETH
SGP;KHM
KHM;SGP
PRT;MEX
MEX;PRT
MEX;CHL
IND;MYS
CIV;CAF
UGA;ROU
ROU;UGA
IRQ;PSE
CUB;IRQ
UKR;GRC
PRT;CHL
LUX;CHE
IDN;SGP
NIC;DNK
DNK;NIC
BHR;NIC
TLS;RWA
TLS;BDI
COG;COD
AZE;FIN
FIN;AZE
BHR;AZE
AZE;BHR
DZA;CPV
EST;DNK
DNK;EST
PER;PHL
IDN;JOR
IDN;BGD
MYS;GIN
GIN;MYS
NLD;PHL
PHL;NLD
CZE;COD
PAK;SVK
PRY;CHL
URY;CHL
CHL;PRY
CHL;URY
SLV;NIC
PAN;URY
NLD;VNM
SWE;VNM
IDN;ZWE
ZWE;IDN
IRL;AUS
LKA;AFG
RWA;CAN
CZE;ROU
ROU;CZE
VNM;MMR
MMR;VNM
URY;PAN
GTM;NIC
NIC;GTM
GMB;PRK
PRK;GMB
CUB;ERI
ERI;CUB
CHL;PRT
BEL;ETH
VAT;RWA
SWE;HKG
HKG;SWE
CUB;PRT
PRT;CUB
MYS;ECU
CAN;UGA
UGA;CAN
SYR;NLD
NLD;SYR
BGR;HUN
HUN;BGR
BGR;ECU
GRC;UKR
COD;COG
JOR;IDN
PHL;ARE
COD;UGA
BGD;HUN
HUN;BGD
MEX;KOR
BLR;KOR
SWE;IRQ
PER;THA
PER;MYS
COD;MCO
MCO;COD
MYS;PER
PRT;DZA
DZA;PRT
BIH;QAT
QAT;BIH
BLR;PRT
PRT;BLR
PSE;MYS
SEN;MYS
MYS;PSE
SEN;PSE
MYS;SEN
PSE;SEN
BDI;COG
BDI;BFA
VAT;TWN
MSR;SRB
SWE;CHL
CHL;SWE
ISR;PRT
TWN;PLW
CAN;UKR
CAN;POL
UKR;CAN
POL;CAN
KOR;MEX
IRQ;PAK
AZE;PRT
PRT;AZE
PSE;ARE
PSE;QAT
ARE;PSE
PSE;HUN
HUN;PSE
CHL;SGP
CHL;PHL
SGP;CHL
PHL;CHL
TZA;EST
PAN;NIC
TLS;NOR
TLS;SWE
COG;UGA
COG;RWA
UGA;COG
RWA;COG
PHL;SAU
COD;ARG
UKR;KOR
TKM;UZB
UZB;TKM
DNK;TUR
CZE;BLR
UKR;PRT
PRT;UKR
COG;BDI
NIC;BLZ
PRT;CPV
CPV;PRT
SWE;TLS
JOR;ARE
IND;BGR
BGR;IND
MSR;TGO
MMR;PHL
NIC;SRB
DZA;ESH
GAB;CAF
AGO;CIV
CIV;AGO
ARM;GRC
GEO;GRC
GRC;ARM
GRC;GEO
UKR;UZB
UZB;UKR
HUN;PRT
ROU;PRT
PRT;HUN
PRT;ROU
KWT;VAT
VAT;KWT
GTM;CAN
NOR;ISL
LIE;ISL
ISL;NOR
LIE;NOR
ISL;LIE
NOR;LIE
PLW;TWN
TUR;MYS
MYS;TUR
ALB;TUR
TUR;ALB
HUN;CYP
LVA;CYP
EST;BGR
LVA;BGR
BGR;EST
CYP;HUN
LVA;HUN
CYP;LVA
BGR;LVA
HUN;LVA
BGR;BEL
CYP;BEL
EST;BEL
HUN;BEL
BEL;BGR
BEL;CYP
BEL;EST
BEL;HUN
ARE;JOR
AFG;BGD
BGD;AFG
COD;PAK
PAK;COD
HKG;KOR
SAU;PHL
NER;IND
MOZ;BFA
BFA;MOZ
ECU;RWA
COD;CAN
TWN;BEL
BEL;TWN
BFA;CAF
CAF;BFA
GAB;BFA
MLI;BFA
TCD;BFA
BFA;GAB
MLI;GAB
TCD;GAB
BFA;MLI
GAB;MLI
TCD;MLI
BFA;TCD
MLI;TCD
RWA;ECU
KAZ;IND
IND;KAZ
KAZ;AUS
AUS;CHE
CAN;CHE
KEN;CHE
CHE;AUS
CHE;CAN
CHE;KEN
AUS;SDN
SDN;AUS
CIV;KOR
KOR;CIV
FJI;LBN
LBN;FJI
IRL;NOR
IDN;MUS
CZE;CUB
CUB;CZE
BRA;BOL
BOL;BRA
SVN;SGP
SGP;SVN
ARG;JAM
JAM;ARG
ARG;COD
FIN;FRO
SWE;FRO
FRO;FIN
FRO;SWE
BRN;MYS
PHL;MYS
MYS;VEN
IDN;VNM
VNM;IDN
MEX;SGP
MEX;PHL
SGP;MEX
PHL;MEX
UKR;BIH
KIR;FJI
ARG;CRI
CRI;ARG
AUT;THA
ARE;BIH
NOR;CZE
LVA;NLD
NLD;LVA
MAR;DZA
BGR;DNK
DNK;BGR
IRL;BHS
BHS;IRL
